Date,BTC-USD_bh,portfolio_comm_0.0,portfolio_comm_0.0001,portfolio_comm_0.0005
2018-01-01,100000.0,100000.0,100000.0,100000.0
2018-01-02,109701.10560814096,100000.0,100000.0,100000.0
2018-01-03,111303.92600686465,100000.0,100000.0,100000.0
2018-01-04,114219.60557235255,100000.0,100000.0,100000.0
2018-01-05,127621.3261191137,100000.0,100000.0,100000.0
2018-01-06,128335.2352557277,100000.0,100000.0,100000.0
2018-01-07,120651.37344205097,100000.0,100000.0,100000.0
2018-01-08,111077.66886643255,100000.0,100000.0,100000.0
2018-01-09,106869.63786058078,100000.0,100000.0,100000.0
2018-01-10,109636.67216232738,100000.0,100000.0,100000.0
2018-01-11,98159.20988907166,100000.0,100000.0,100000.0
2018-01-12,102367.97739974187,100000.0,100000.0,100000.0
2018-01-13,105147.46792861167,100000.0,100000.0,100000.0
2018-01-14,100840.58081485034,100000.0,100000.0,100000.0
2018-01-15,101190.57791530952,100000.0,100000.0,100000.0
2018-01-16,84135.10701808291,100000.0,100000.0,100000.0
2018-01-17,81924.54858511347,100000.0,100000.0,100000.0
2018-01-18,84020.88441643756,100000.0,100000.0,100000.0
2018-01-19,84991.0686277335,100000.0,100000.0,100000.0
2018-01-20,94449.81409688813,100000.0,100000.0,100000.0
2018-01-21,84937.61124887406,100000.0,100000.0,100000.0
2018-01-22,80041.29861387648,100000.0,100000.0,100000.0
2018-01-23,79580.00347944898,100000.0,100000.0,100000.0
2018-01-24,83175.17666998714,100000.0,100000.0,100000.0
2018-01-25,82442.96217089586,100000.0,100000.0,100000.0
2018-01-26,81798.61341169554,100000.0,100000.0,100000.0
2018-01-27,83770.4656276419,100000.0,100000.0,100000.0
2018-01-28,86300.99607628846,100000.0,100000.0,100000.0
2018-01-29,82713.88153555963,100000.0,100000.0,100000.0
2018-01-30,73999.79249155504,100000.0,100000.0,100000.0
2018-01-31,74840.37330640538,100000.0,100000.0,100000.0
2018-02-01,67148.02381098627,100000.0,100000.0,100000.0
2018-02-02,64660.031878502734,100000.0,100000.0,100000.0
2018-02-03,67180.02244266041,100000.0,100000.0,100000.0
2018-02-04,60605.46559510698,100000.0,100000.0,100000.0
2018-02-05,50927.49553395634,100000.0,100000.0,100000.0
2018-02-06,56775.91225953743,100000.0,100000.0,100000.0
2018-02-07,55804.26218913687,100000.0,100000.0,100000.0
2018-02-08,60521.847271353334,100000.0,100000.0,100000.0
2018-02-09,63973.43777496031,100000.0,100000.0,100000.0
2018-02-10,63130.80475736349,100000.0,100000.0,100000.0
2018-02-11,59528.820684887985,100000.0,100000.0,100000.0
2018-02-12,65361.6420997023,100000.0,100000.0,100000.0
2018-02-13,62958.0693505808,100000.0,100000.0,100000.0
2018-02-14,69521.05663700601,100000.0,100000.0,100000.0
2018-02-15,74439.85769582822,100000.0,100000.0,100000.0
2018-02-16,74934.10248271484,100000.0,100000.0,100000.0
2018-02-17,81368.80207062252,100000.0,100000.0,100000.0
2018-02-18,77261.80808500666,100000.0,100000.0,100000.0
2018-02-19,82193.2727363864,100000.0,100000.0,100000.0
2018-02-20,83499.54626297813,100000.0,100000.0,100000.0
2018-02-21,78276.66167106651,94081.02813051787,94071.15547690497,94031.6648624534
2018-02-22,73258.06063408202,88130.79816044495,88120.92550683205,88081.43489238048
2018-02-23,75426.1449056784,87541.07386505665,87522.57445044436,87448.57679199519
2018-02-24,71852.72363414646,87541.07386505665,87522.57445044436,87448.57679199519
2018-02-25,70766.5577902796,87541.07386505665,87522.57445044436,87448.57679199519
2018-02-26,75906.48190740161,87541.07386505665,87522.57445044436,87448.57679199519
2018-02-27,78534.39545432085,87541.07386505665,87522.57445044436,87448.57679199519
2018-02-28,76134.93426122452,87541.07386505665,87522.57445044436,87448.57679199519
2018-03-01,80184.80979548547,87541.07386505665,87522.57445044436,87448.57679199519
2018-03-02,81176.23108746795,87541.07386505665,87522.57445044436,87448.57679199519
2018-03-03,84129.25073219663,87541.07386505665,87522.57445044436,87448.57679199519
2018-03-04,84296.92356216919,87541.07386505665,87522.57445044436,87448.57679199519
2018-03-05,84741.37919322404,87541.07386505665,87522.57445044436,87448.57679199519
2018-03-06,78931.9936477532,87541.07386505665,87522.57445044436,87448.57679199519
2018-03-07,72969.35074526064,87541.07386505665,87522.57445044436,87448.57679199519
2018-03-08,68791.62369494743,87541.07386505665,87522.57445044436,87448.57679199519
2018-03-09,68370.89352979086,87541.07386505665,87522.57445044436,87448.57679199519
2018-03-10,64918.1374894324,87541.07386505665,87522.57445044436,87448.57679199519
2018-03-11,70136.11681624269,87541.07386505665,87522.57445044436,87448.57679199519
2018-03-12,67401.2241568146,87541.07386505665,87522.57445044436,87448.57679199519
2018-03-13,67326.02200948118,87541.07386505665,87522.57445044436,87448.57679199519
2018-03-14,60552.74472106597,87541.07386505665,87522.57445044436,87448.57679199519
2018-03-15,60780.103043459574,87541.07386505665,87522.57445044436,87448.57679199519
2018-03-16,61054.604824764414,87541.07386505665,87522.57445044436,87448.57679199519
2018-03-17,57968.54237759343,87541.07386505665,87522.57445044436,87448.57679199519
2018-03-18,60214.975030699025,87541.07386505665,87522.57445044436,87448.57679199519
2018-03-19,63194.87352603398,87541.07386505665,87522.57445044436,87448.57679199519
2018-03-20,65265.71771000201,87541.07386505665,87522.57445044436,87448.57679199519
2018-03-21,65381.484826606385,87541.07386505665,87522.57445044436,87448.57679199519
2018-03-22,63911.12088668316,87541.07386505665,87522.57445044436,87448.57679199519
2018-03-23,65017.8659622725,87541.07386505665,87522.57445044436,87448.57679199519
2018-03-24,63469.232296694456,87541.07386505665,87522.57445044436,87448.57679199519
2018-03-25,62207.33497304571,87541.07386505665,87522.57445044436,87448.57679199519
2018-03-26,60110.41994861198,87541.07386505665,87522.57445044436,87448.57679199519
2018-03-27,57354.65488564046,87541.07386505665,87522.57445044436,87448.57679199519
2018-03-28,58243.85574430497,87541.07386505665,87522.57445044436,87448.57679199519
2018-03-29,52468.2957914899,87541.07386505665,87522.57445044436,87448.57679199519
2018-03-30,50453.38664579474,87541.07386505665,87522.57445044436,87448.57679199519
2018-03-31,51061.19618536268,87541.07386505665,87522.57445044436,87448.57679199519
2018-04-01,50114.4442681441,87541.07386505665,87522.57445044436,87448.57679199519
2018-04-02,51868.60925652127,87541.07386505665,87522.57445044436,87448.57679199519
2018-04-03,54594.717487119924,87541.07386505665,87522.57445044436,87448.57679199519
2018-04-04,50184.80908043226,87541.07386505665,87522.57445044436,87448.57679199519
2018-04-05,49874.57251436953,87541.07386505665,87522.57445044436,87448.57679199519
2018-04-06,48592.095958998274,87541.07386505665,87522.57445044436,87448.57679199519
2018-04-07,50604.00188116202,87541.07386505665,87522.57445044436,87448.57679199519
2018-04-08,51427.23192958614,87541.07386505665,87522.57445044436,87448.57679199519
2018-04-09,49576.266611312014,87541.07386505665,87522.57445044436,87448.57679199519
2018-04-10,50045.10198196307,87541.07386505665,87522.57445044436,87448.57679199519
2018-04-11,51023.04809598131,87541.07386505665,87522.57445044436,87448.57679199519
2018-04-12,57766.23236955838,87541.07386505665,87522.57445044436,87448.57679199519
2018-04-13,57815.363676426125,87541.07386505665,87522.57445044436,87448.57679199519
2018-04-14,58476.40892835474,87541.07386505665,87522.57445044436,87448.57679199519
2018-04-15,60986.953639452855,87541.07386505665,87522.57445044436,87448.57679199519
2018-04-16,59006.74960187624,87541.07386505665,87522.57445044436,87448.57679199519
2018-04-17,57860.24756715654,87541.07386505665,87522.57445044436,87448.57679199519
2018-04-18,59773.74428967436,87541.07386505665,87522.57445044436,87448.57679199519
2018-04-19,60732.13727334332,87541.07386505665,87522.57445044436,87448.57679199519
2018-04-20,64770.45039700827,87541.07386505665,87522.57445044436,87448.57679199519
2018-04-21,65134.72711030618,87999.49209457813,87972.22817156152,87863.20912059257
2018-04-22,64452.888110688524,87087.1620322564,87060.09090527643,86951.84303845411
2018-04-23,65393.19739837896,87008.0943836273,86972.425617886,86829.82361185452
2018-04-24,71006.50104937635,87008.0943836273,86972.425617886,86829.82361185452
2018-04-25,64769.79254804425,85108.81660895122,85071.77309655848,84923.68816260224
2018-04-26,67960.56023847882,86076.49698377628,86039.0567730666,85889.38585836196
2018-04-27,65804.48171047594,86096.74933687938,86057.23856975525,85899.30235299534
2018-04-28,68450.92943690345,86096.74933687938,86057.23856975525,85899.30235299534
2018-04-29,68967.870013049,86096.74933687938,86057.23856975525,85899.30235299534
2018-04-30,67660.64546567234,86096.74933687938,86057.23856975525,85899.30235299534
2018-05-01,66770.7116774555,86096.74933687938,86057.23856975525,85899.30235299534
2018-05-02,67626.74479242828,86096.74933687938,86057.23856975525,85899.30235299534
2018-05-03,71345.95826534666,86096.74933687938,86057.23856975525,85899.30235299534
2018-05-04,71030.369525919,86096.74933687938,86057.23856975525,85899.30235299534
2018-05-05,72182.80650237938,86096.74933687938,86057.23856975525,85899.30235299534
2018-05-06,70693.84402815794,85684.95178413275,85643.50285322659,85477.8329894195
2018-05-07,68630.53650514735,85075.84679629326,85034.67739052033,84870.12487130675
2018-05-08,67618.69329315115,85092.83738743985,85049.63338730476,84876.96111008785
2018-05-09,68280.3177381894,85092.83738743985,85049.63338730476,84876.96111008785
2018-05-10,66221.0431153496,85092.83738743985,85049.63338730476,84876.96111008785
2018-05-11,61809.815435467775,85092.83738743985,85049.63338730476,84876.96111008785
2018-05-12,62274.035137572304,85092.83738743985,85049.63338730476,84876.96111008785
2018-05-13,63877.95671825752,85092.83738743985,85049.63338730476,84876.96111008785
2018-05-14,63825.60052135961,85092.83738743985,85049.63338730476,84876.96111008785
2018-05-15,62314.23542970015,85092.83738743985,85049.63338730476,84876.96111008785
2018-05-16,61277.7872363429,85092.83738743985,85049.63338730476,84876.96111008785
2018-05-17,59267.78335574906,85092.83738743985,85049.63338730476,84876.96111008785
2018-05-18,60414.79665352232,85092.83738743985,85049.63338730476,84876.96111008785
2018-05-19,60387.04543798548,85092.83738743985,85049.63338730476,84876.96111008785
2018-05-20,62335.25084388794,85092.83738743985,85049.63338730476,84876.96111008785
2018-05-21,61645.06717317223,85092.83738743985,85049.63338730476,84876.96111008785
2018-05-22,58883.07757190522,85092.83738743985,85049.63338730476,84876.96111008785
2018-05-23,55339.45256812437,85092.83738743985,85049.63338730476,84876.96111008785
2018-05-24,55555.60243126676,85092.83738743985,85049.63338730476,84876.96111008785
2018-05-25,54770.67063340057,85092.83738743985,85049.63338730476,84876.96111008785
2018-05-26,53860.819037691384,85092.83738743985,85049.63338730476,84876.96111008785
2018-05-27,53951.1767380602,85092.83738743985,85049.63338730476,84876.96111008785
2018-05-28,52250.75514983117,85092.83738743985,85049.63338730476,84876.96111008785
2018-05-29,54715.38629355952,85092.83738743985,85049.63338730476,84876.96111008785
2018-05-30,54231.61346110572,85092.83738743985,85049.63338730476,84876.96111008785
2018-05-31,54873.398754506,85092.83738743985,85049.63338730476,84876.96111008785
2018-06-01,55219.59177182537,85092.83738743985,85049.63338730476,84876.96111008785
2018-06-02,55966.45056089848,85092.83738743985,85049.63338730476,84876.96111008785
2018-06-03,56528.78986609413,85092.83738743985,85049.63338730476,84876.96111008785
2018-06-04,55022.04044298119,85092.83738743985,85049.63338730476,84876.96111008785
2018-06-05,55895.495829702355,85092.83738743985,85049.63338730476,84876.96111008785
2018-06-06,56043.5511745357,85092.83738743985,85049.63338730476,84876.96111008785
2018-06-07,56221.188271153624,85092.83738743985,85049.63338730476,84876.96111008785
2018-06-08,55830.76921206784,85092.83738743985,85049.63338730476,84876.96111008785
2018-06-09,55150.249485644345,85092.83738743985,85049.63338730476,84876.96111008785
2018-06-10,49688.22249424436,85092.83738743985,85049.63338730476,84876.96111008785
2018-06-11,50573.469108592486,85092.83738743985,85049.63338730476,84876.96111008785
2018-06-12,48196.993301309914,85092.83738743985,85049.63338730476,84876.96111008785
2018-06-13,46494.88776274362,85092.83738743985,85049.63338730476,84876.96111008785
2018-06-14,48877.88128014262,85092.83738743985,85049.63338730476,84876.96111008785
2018-06-15,47276.01547747,85092.83738743985,85049.63338730476,84876.96111008785
2018-06-16,47961.222377762184,85092.83738743985,85049.63338730476,84876.96111008785
2018-06-17,47588.59741810013,85092.83738743985,85049.63338730476,84876.96111008785
2018-06-18,49313.32724060318,85092.83738743985,85049.63338730476,84876.96111008785
2018-06-19,49570.4818307479,85092.83738743985,85049.63338730476,84876.96111008785
2018-06-20,49618.880208063325,85092.83738743985,85049.63338730476,84876.96111008785
2018-06-21,49276.13374727288,85092.83738743985,85049.63338730476,84876.96111008785
2018-06-22,44545.65983073403,85092.83738743985,85049.63338730476,84876.96111008785
2018-06-23,45122.57192058933,85092.83738743985,85049.63338730476,84876.96111008785
2018-06-24,45201.284979241645,85092.83738743985,85049.63338730476,84876.96111008785
2018-06-25,45757.40332140791,85092.83738743985,85049.63338730476,84876.96111008785
2018-06-26,44618.734694732695,85092.83738743985,85049.63338730476,84876.96111008785
2018-06-27,45083.39772983473,85092.83738743985,85049.63338730476,84876.96111008785
2018-06-28,43225.84319612201,85092.83738743985,85049.63338730476,84876.96111008785
2018-06-29,45531.29276688628,85092.83738743985,85049.63338730476,84876.96111008785
2018-06-30,46891.01652180523,85092.83738743985,85049.63338730476,84876.96111008785
2018-07-01,46757.89863877463,85092.83738743985,85049.63338730476,84876.96111008785
2018-07-02,48429.986243091065,85092.83738743985,85049.63338730476,84876.96111008785
2018-07-03,47810.603567128805,85092.83738743985,85049.63338730476,84876.96111008785
2018-07-04,48308.21625468994,85092.83738743985,85049.63338730476,84876.96111008785
2018-07-05,48612.74669604296,85092.83738743985,85049.63338730476,84876.96111008785
2018-07-06,48864.33459685621,85092.83738743985,85049.63338730476,84876.96111008785
2018-07-07,50207.43693963513,85092.83738743985,85049.63338730476,84876.96111008785
2018-07-08,49599.33065298017,84835.08449212859,84789.90611491719,84609.3572649502
2018-07-09,49364.070992486006,84736.40029252614,84691.27202002749,84510.92342223207
2018-07-10,46348.81311533458,84728.59877879811,84681.40562732259,84492.81850178649
2018-07-11,46822.993508818356,84728.59877879811,84681.40562732259,84492.81850178649
2018-07-12,45608.250369879155,84728.59877879811,84681.40562732259,84492.81850178649
2018-07-13,45675.90513045681,84728.59877879811,84681.40562732259,84492.81850178649
2018-07-14,45954.66147843117,84728.59877879811,84681.40562732259,84492.81850178649
2018-07-15,46566.207171082846,84728.59877879811,84681.40562732259,84492.81850178649
2018-07-16,49364.070992486006,84728.59877879811,84681.40562732259,84492.81850178649
2018-07-17,53605.71665029314,84728.59877879811,84681.40562732259,84492.81850178649
2018-07-18,53969.91828300276,84887.4578447899,84838.08198287772,84640.78768277743
2018-07-19,54673.43054577224,85162.66884770704,85113.13969546862,84915.23283653101
2018-07-20,53848.00528395729,85164.21573125361,85112.54795277354,84906.1103964713
2018-07-21,54325.11739565031,85164.21573125361,85112.54795277354,84906.1103964713
2018-07-22,54319.261109764026,85164.21573125361,85112.54795277354,84906.1103964713
2018-07-23,56461.86445980268,85164.21573125361,85112.54795277354,84906.1103964713
2018-07-24,61683.722950341056,92902.79660611368,92838.00191052671,92579.18016652756
2018-07-25,59905.324808278136,91873.07517108474,91802.0376769729,91518.32519952333
2018-07-26,58222.62223888455,91860.66507758741,91787.40134512339,91494.81096986041
2018-07-27,59785.38535612475,91860.66507758741,91787.40134512339,91494.81096986041
2018-07-28,59984.11294751874,91860.66507758741,91787.40134512339,91494.81096986041
2018-07-29,60176.755435995474,91860.66507758741,91787.40134512339,91494.81096986041
2018-07-30,59898.660512251256,91860.66507758741,91787.40134512339,91494.81096986041
2018-07-31,56969.50934406524,91860.66507758741,91787.40134512339,91494.81096986041
2018-08-01,55830.69770674566,91860.66507758741,91787.40134512339,91494.81096986041
2018-08-02,55407.76875293216,91860.66507758741,91787.40134512339,91494.81096986041
2018-08-03,54435.682500066316,91860.66507758741,91787.40134512339,91494.81096986041
2018-08-04,51495.54811439393,91860.66507758741,91787.40134512339,91494.81096986041
2018-08-05,51756.43528235628,91860.66507758741,91787.40134512339,91494.81096986041
2018-08-06,50902.08611772078,91860.66507758741,91787.40134512339,91494.81096986041
2018-08-07,49447.32463909655,91860.66507758741,91787.40134512339,91494.81096986041
2018-08-08,46171.980453591146,91860.66507758741,91787.40134512339,91494.81096986041
2018-08-09,48093.532250652184,91860.66507758741,91787.40134512339,91494.81096986041
2018-08-10,45285.34306072668,91860.66507758741,91787.40134512339,91494.81096986041
2018-08-11,46098.24774062846,91860.66507758741,91787.40134512339,91494.81096986041
2018-08-12,46295.652483562175,91860.66507758741,91787.40134512339,91494.81096986041
2018-08-13,46111.719343326586,91860.66507758741,91787.40134512339,91494.81096986041
2018-08-14,45395.17523559037,91860.66507758741,91787.40134512339,91494.81096986041
2018-08-15,46191.89826108352,91860.66507758741,91787.40134512339,91494.81096986041
2018-08-16,46383.81139527405,91860.66507758741,91787.40134512339,91494.81096986041
2018-08-17,48184.32613348628,91860.66507758741,91787.40134512339,91494.81096986041
2018-08-18,47035.70039069793,91860.66507758741,91787.40134512339,91494.81096986041
2018-08-19,47638.38657393189,91860.66507758741,91787.40134512339,91494.81096986041
2018-08-20,46191.9697664057,91860.66507758741,91787.40134512339,91494.81096986041
2018-08-21,47511.63981510726,91860.66507758741,91787.40134512339,91494.81096986041
2018-08-22,46691.19489898193,91860.66507758741,91787.40134512339,91494.81096986041
2018-08-23,47849.33800015202,91860.66507758741,91787.40134512339,91494.81096986041
2018-08-24,49204.52116711273,91860.66507758741,91787.40134512339,91494.81096986041
2018-08-25,49521.057352059244,91860.66507758741,91787.40134512339,91494.81096986041
2018-08-26,49111.52849562169,91860.66507758741,91787.40134512339,91494.81096986041
2018-08-27,50410.33329131204,91860.66507758741,91787.40134512339,91494.81096986041
2018-08-28,51959.98948299722,91860.66507758741,91787.40134512339,91494.81096986041
2018-08-29,51600.32843824582,91289.73903415994,91207.8495444057,90880.89799168185
2018-08-30,51095.61169692641,90406.36742776113,90325.18247352254,90001.04459550476
2018-08-31,51530.1817171903,90351.77659057858,90261.70484295695,89902.16185127838
2018-09-01,52670.01945588311,90351.77659057858,90261.70484295695,89902.16185127838
2018-09-02,53251.91189142804,91385.62644536431,91285.59270234722,90886.38812527084
2018-09-03,53159.21239175792,91228.19705906314,91128.3202575085,90729.74214993458
2018-09-04,53903.14303788788,91264.75531017852,91155.81950705031,90721.18539373971
2018-09-05,49738.08673066441,84285.7713099255,84176.14160894143,83738.86222981368
2018-09-06,47807.5288382752,81049.78236950657,80944.01522261515,80522.14673435125
2018-09-07,47352.82291928629,81046.71403621491,80932.94695551915,80479.26950187396
2018-09-08,45587.5281275123,81046.71403621491,80932.94695551915,80479.26950187396
2018-09-09,46135.80948636797,81046.71403621491,80932.94695551915,80479.26950187396
2018-09-10,46346.982579086856,81046.71403621491,80932.94695551915,80479.26950187396
2018-09-11,46284.74434666409,81046.71403621491,80932.94695551915,80479.26950187396
2018-09-12,46508.799123173136,81046.71403621491,80932.94695551915,80479.26950187396
2018-09-13,47720.689199757486,81046.71403621491,80932.94695551915,80479.26950187396
2018-09-14,47687.00661774606,81046.71403621491,80932.94695551915,80479.26950187396
2018-09-15,47910.260534646724,81046.71403621491,80932.94695551915,80479.26950187396
2018-09-16,47719.73817897253,81046.71403621491,80932.94695551915,80479.26950187396
2018-09-17,45991.85854702759,81046.71403621491,80932.94695551915,80479.26950187396
2018-09-18,46651.58095049593,81046.71403621491,80932.94695551915,80479.26950187396
2018-09-19,46851.03789617613,81046.71403621491,80932.94695551915,80479.26950187396
2018-09-20,47737.96846086152,81046.71403621491,80932.94695551915,80479.26950187396
2018-09-21,49314.28183665424,81046.71403621491,80932.94695551915,80479.26950187396
2018-09-22,49219.31204300501,81046.71403621491,80932.94695551915,80479.26950187396
2018-09-23,49136.20498230494,81046.71403621491,80932.94695551915,80479.26950187396
2018-09-24,48292.54943860099,81046.71403621491,80932.94695551915,80479.26950187396
2018-09-25,47201.989592686376,81046.71403621491,80932.94695551915,80479.26950187396
2018-09-26,47557.33171597828,81046.71403621491,80932.94695551915,80479.26950187396
2018-09-27,48888.13156807668,81046.71403621491,80932.94695551915,80479.26950187396
2018-09-28,48649.28234040924,81046.71403621491,80932.94695551915,80479.26950187396
2018-09-29,48340.50805818502,81046.71403621491,80932.94695551915,80479.26950187396
2018-09-30,48513.31139502379,81046.71403621491,80932.94695551915,80479.26950187396
2018-10-01,48250.15393308232,81046.71403621491,80932.94695551915,80479.26950187396
2018-10-02,48004.715489976275,81046.71403621491,80932.94695551915,80479.26950187396
2018-10-03,47612.90565237416,81046.71403621491,80932.94695551915,80479.26950187396
2018-10-04,48155.47731125401,81046.71403621491,80932.94695551915,80479.26950187396
2018-10-05,48490.7586164092,81046.71403621491,80932.94695551915,80479.26950187396
2018-10-06,48240.56149411229,81046.71403621491,80932.94695551915,80479.26950187396
2018-10-07,48347.75869785376,81046.71403621491,80932.94695551915,80479.26950187396
2018-10-08,48708.59242988885,81046.71403621491,80932.94695551915,80479.26950187396
2018-10-09,48638.37420351115,81046.71403621491,80932.94695551915,80479.26950187396
2018-10-10,48220.20392888853,81046.71403621491,80932.94695551915,80479.26950187396
2018-10-11,45809.09809407569,81046.71403621491,80932.94695551915,80479.26950187396
2018-10-12,45943.385089123876,81046.71403621491,80932.94695551915,80479.26950187396
2018-10-13,46026.93190755534,81046.71403621491,80932.94695551915,80479.26950187396
2018-10-14,46063.102874778524,81046.71403621491,80932.94695551915,80479.26950187396
2018-10-15,48300.82260437685,81046.71403621491,80932.94695551915,80479.26950187396
2018-10-16,48297.672794934966,81046.71403621491,80932.94695551915,80479.26950187396
2018-10-17,47919.2666299749,81046.71403621491,80932.94695551915,80479.26950187396
2018-10-18,47423.4093980732,81046.71403621491,80932.94695551915,80479.26950187396
2018-10-19,47340.670589782334,81046.71403621491,80932.94695551915,80479.26950187396
2018-10-20,47514.78962454915,81046.71403621491,80932.94695551915,80479.26950187396
2018-10-21,47464.707296896464,81046.71403621491,80932.94695551915,80479.26950187396
2018-10-22,47499.927243334685,81046.71403621491,80932.94695551915,80479.26950187396
2018-10-23,47416.30891958104,81046.71403621491,80932.94695551915,80479.26950187396
2018-10-24,47563.4811736855,81046.71403621491,80932.94695551915,80479.26950187396
2018-10-25,47420.3346692196,81046.71403621491,80932.94695551915,80479.26950187396
2018-10-26,47409.0582799123,81046.71403621491,80932.94695551915,80479.26950187396
2018-10-27,47450.28109814727,81046.71403621491,80932.94695551915,80479.26950187396
2018-10-28,47494.289048681036,81046.71403621491,80932.94695551915,80479.26950187396
2018-10-29,46368.43417573992,81046.71403621491,80932.94695551915,80479.26950187396
2018-10-30,46380.44349459952,81046.71403621491,80932.94695551915,80479.26950187396
2018-10-31,46258.45541496576,81046.71403621491,80932.94695551915,80479.26950187396
2018-11-01,46699.028307026405,81046.71403621491,80932.94695551915,80479.26950187396
2018-11-02,46777.08351671469,81046.71403621491,80932.94695551915,80479.26950187396
2018-11-03,46578.06632876588,81046.71403621491,80932.94695551915,80479.26950187396
2018-11-04,46686.94748284462,81046.71403621491,80932.94695551915,80479.26950187396
2018-11-05,47005.68245644807,81046.71403621491,80932.94695551915,80479.26950187396
2018-11-06,47308.45029160943,81046.71403621491,80932.94695551915,80479.26950187396
2018-11-07,47814.63289203347,81046.71403621491,80932.94695551915,80479.26950187396
2018-11-08,47255.0751438705,81046.71403621491,80932.94695551915,80479.26950187396
2018-11-09,46756.436354936115,81046.71403621491,80932.94695551915,80479.26950187396
2018-11-10,46929.23969177488,81046.71403621491,80932.94695551915,80479.26950187396
2018-11-11,46944.24865889981,81046.71403621491,80932.94695551915,80479.26950187396
2018-11-12,46651.362859263296,81046.71403621491,80932.94695551915,80479.26950187396
2018-11-13,46565.10956438743,81046.71403621491,80932.94695551915,80479.26950187396
2018-11-14,42017.03142365738,81046.71403621491,80932.94695551915,80479.26950187396
2018-11-15,41355.69299990783,81046.71403621491,80932.94695551915,80479.26950187396
2018-11-16,40824.98407397712,81046.71403621491,80932.94695551915,80479.26950187396
2018-11-17,40669.610159418975,81046.71403621491,80932.94695551915,80479.26950187396
2018-11-18,41176.37552821875,81046.71403621491,80932.94695551915,80479.26950187396
2018-11-19,35669.75781790927,81046.71403621491,80932.94695551915,80479.26950187396
2018-11-20,32597.238478758594,81046.71403621491,80932.94695551915,80479.26950187396
2018-11-21,33697.755440786335,81046.71403621491,80932.94695551915,80479.26950187396
2018-11-22,31968.04527259366,81046.71403621491,80932.94695551915,80479.26950187396
2018-11-23,31830.168710372196,81046.71403621491,80932.94695551915,80479.26950187396
2018-11-24,28415.48746643987,81046.71403621491,80932.94695551915,80479.26950187396
2018-11-25,29361.58153469442,81046.71403621491,80932.94695551915,80479.26950187396
2018-11-26,27671.33694144422,81046.71403621491,80932.94695551915,80479.26950187396
2018-11-27,27975.865595164178,81046.71403621491,80932.94695551915,80479.26950187396
2018-11-28,31173.445955169165,81046.71403621491,80932.94695551915,80479.26950187396
2018-11-29,31330.33578255746,81046.71403621491,80932.94695551915,80479.26950187396
2018-11-30,29415.02282485636,81046.71403621491,80932.94695551915,80479.26950187396
2018-12-01,30860.438557872083,81046.71403621491,80932.94695551915,80479.26950187396
2018-12-02,30312.786445851558,81046.71403621491,80932.94695551915,80479.26950187396
2018-12-03,28513.390765931403,81046.71403621491,80932.94695551915,80479.26950187396
2018-12-04,28972.950108663066,81046.71403621491,80932.94695551915,80479.26950187396
2018-12-05,27487.294755592306,81046.71403621491,80932.94695551915,80479.26950187396
2018-12-06,25782.017955987474,81046.71403621491,80932.94695551915,80479.26950187396
2018-12-07,25041.276447226606,81046.71403621491,80932.94695551915,80479.26950187396
2018-12-08,25452.616175948282,81046.71403621491,80932.94695551915,80479.26950187396
2018-12-09,26463.948124890907,81046.71403621491,80932.94695551915,80479.26950187396
2018-12-10,25646.955128193673,81046.71403621491,80932.94695551915,80479.26950187396
2018-12-11,25075.330856913348,81046.71403621491,80932.94695551915,80479.26950187396
2018-12-12,25531.954906169645,81046.71403621491,80932.94695551915,80479.26950187396
2018-12-13,24263.225248986895,81046.71403621491,80932.94695551915,80479.26950187396
2018-12-14,23741.944299785206,81046.71403621491,80932.94695551915,80479.26950187396
2018-12-15,23700.038605723446,81046.71403621491,80932.94695551915,80479.26950187396
2018-12-16,23817.7596052563,81046.71403621491,80932.94695551915,80479.26950187396
2018-12-17,25963.335789064444,81046.71403621491,80932.94695551915,80479.26950187396
2018-12-18,27063.08049361268,81046.71403621491,80932.94695551915,80479.26950187396
2018-12-19,27428.394034082154,81046.71403621491,80932.94695551915,80479.26950187396
2018-12-20,30272.97943299569,81046.71403621491,80932.94695551915,80479.26950187396
2018-12-21,28531.057943408257,81046.71403621491,80932.94695551915,80479.26950187396
2018-12-22,29392.427143048473,81046.71403621491,80932.94695551915,80479.26950187396
2018-12-23,29281.113020382665,81046.71403621491,80932.94695551915,80479.26950187396
2018-12-24,29864.09412445773,81046.71403621491,80932.94695551915,80479.26950187396
2018-12-25,27937.576282771515,81046.71403621491,80932.94695551915,80479.26950187396
2018-12-26,28243.6923546438,81046.71403621491,80932.94695551915,80479.26950187396
2018-12-27,26761.22077604297,81046.71403621491,80932.94695551915,80479.26950187396
2018-12-28,28731.50166253449,81046.71403621491,80932.94695551915,80479.26950187396
2018-12-29,27973.586363019793,81046.71403621491,80932.94695551915,80479.26950187396
2018-12-30,28307.06573405612,81046.71403621491,80932.94695551915,80479.26950187396
2018-12-31,27404.595275228632,81046.71403621491,80932.94695551915,80479.26950187396
2019-01-01,28142.8108584836,81046.71403621491,80932.94695551915,80479.26950187396
2019-01-02,28874.215559801225,81046.71403621491,80932.94695551915,80479.26950187396
2019-01-03,28093.17543909452,81046.71403621491,80932.94695551915,80479.26950187396
2019-01-04,28246.76708349741,81046.71403621491,80932.94695551915,80479.26950187396
2019-01-05,28155.072233603885,81046.71403621491,80932.94695551915,80479.26950187396
2019-01-06,29849.694740204362,81046.71403621491,80932.94695551915,80479.26950187396
2019-01-07,29473.451611240147,81046.71403621491,80932.94695551915,80479.26950187396
2019-01-08,29514.452762976372,81046.71403621491,80932.94695551915,80479.26950187396
2019-01-09,29547.025224861,81046.71403621491,80932.94695551915,80479.26950187396
2019-01-10,26937.619042954175,81046.71403621491,80932.94695551915,80479.26950187396
2019-01-11,26999.424668177762,81046.71403621491,80932.94695551915,80479.26950187396
2019-01-12,26808.576963287665,81046.71403621491,80932.94695551915,80479.26950187396
2019-01-13,26015.23792716654,81046.71403621491,80932.94695551915,80479.26950187396
2019-01-14,27136.25188979628,81046.71403621491,80932.94695551915,80479.26950187396
2019-01-15,26584.330910041797,81046.71403621491,80932.94695551915,80479.26950187396
2019-01-16,26762.489995511613,81046.71403621491,80932.94695551915,80479.26950187396
2019-01-17,26934.978708932795,81046.71403621491,80932.94695551915,80479.26950187396
2019-01-18,26783.23011420902,81046.71403621491,80932.94695551915,80479.26950187396
2019-01-19,27301.118135873414,81046.71403621491,80932.94695551915,80479.26950187396
2019-01-20,26367.144219727845,81046.71403621491,80932.94695551915,80479.26950187396
2019-01-21,26184.22824270022,81046.71403621491,80932.94695551915,80479.26950187396
2019-01-22,26393.23651179019,81046.71403621491,80932.94695551915,80479.26950187396
2019-01-23,26250.790759481624,81046.71403621491,80932.94695551915,80479.26950187396
2019-01-24,26366.059126463813,81046.71403621491,80932.94695551915,80479.26950187396
2019-01-25,26358.007627186696,81046.71403621491,80932.94695551915,80479.26950187396
2019-01-26,26377.737733208352,81046.71403621491,80932.94695551915,80479.26950187396
2019-01-27,26242.317378803666,81046.71403621491,80932.94695551915,80479.26950187396
2019-01-28,25411.14130145264,81046.71403621491,80932.94695551915,80479.26950187396
2019-01-29,25247.612204900215,81046.71403621491,80932.94695551915,80479.26950187396
2019-01-30,25526.32743731432,81046.71403621491,80932.94695551915,80479.26950187396
2019-01-31,25318.45967811307,81046.71403621491,80932.94695551915,80479.26950187396
2019-02-01,25539.241298499466,81046.71403621491,80932.94695551915,80479.26950187396
2019-02-02,25781.717633634333,81046.71403621491,80932.94695551915,80479.26950187396
2019-02-03,25364.008568339745,81046.71403621491,80932.94695551915,80479.26950187396
2019-02-04,25328.42752002453,81046.71403621491,80932.94695551915,80479.26950187396
2019-02-05,25381.171633295253,81046.71403621491,80932.94695551915,80479.26950187396
2019-02-06,24996.10295994136,81046.71403621491,80932.94695551915,80479.26950187396
2019-02-07,24891.42453117357,81046.71403621491,80932.94695551915,80479.26950187396
2019-02-08,26848.696811928057,81046.71403621491,80932.94695551915,80479.26950187396
2019-02-09,26881.08514760808,81046.71403621491,80932.94695551915,80479.26950187396
2019-02-10,27020.093281552992,81046.71403621491,80932.94695551915,80479.26950187396
2019-02-11,26714.3383115577,81046.71403621491,80932.94695551915,80479.26950187396
2019-02-12,26751.665877367086,81046.71403621491,80932.94695551915,80479.26950187396
2019-02-13,26594.547232947825,81046.71403621491,80932.94695551915,80479.26950187396
2019-02-14,26483.326067200847,81046.71403621491,80932.94695551915,80479.26950187396
2019-02-15,26512.101596477878,81046.71403621491,80932.94695551915,80479.26950187396
2019-02-16,26577.83107625592,81046.71403621491,80932.94695551915,80479.26950187396
2019-02-17,26900.36119483391,81046.71403621491,80932.94695551915,80479.26950187396
2019-02-18,28671.42825374064,81046.71403621491,80932.94695551915,80479.26950187396
2019-02-19,28901.19809312467,81772.76286196221,81649.9725413156,81160.4389257391
2019-02-20,29287.266053355987,82853.16401608527,82728.85711223418,82233.27570495699
2019-02-21,28952.62650846734,82862.10374207185,82729.59893617214,82201.45549305773
2019-02-22,29329.046613103936,82862.10374207185,82729.59893617214,82201.45549305773
2019-02-23,30332.182264492036,82862.10374207185,82729.59893617214,82201.45549305773
2019-02-24,27900.502560855857,76227.57338700781,76097.4818343598,75579.10283188974
2019-02-25,28429.66518419449,77658.6953725965,77526.31531250836,76998.81467712227
2019-02-26,28222.16746503551,77579.50365424648,77439.58161941376,76882.15607332186
2019-02-27,28197.927160817544,77579.50365424648,77439.58161941376,76882.15607332186
2019-02-28,28225.2976105138,77579.50365424648,77439.58161941376,76882.15607332186
2019-03-01,28260.43175056541,77579.50365424648,77439.58161941376,76882.15607332186
2019-03-02,28295.807221079365,77579.50365424648,77439.58161941376,76882.15607332186
2019-03-03,28169.578875840518,77579.50365424648,77439.58161941376,76882.15607332186
2019-03-04,27542.666689453028,77579.50365424648,77439.58161941376,76882.15607332186
2019-03-05,28529.822688967648,77579.50365424648,77439.58161941376,76882.15607332186
2019-03-06,28585.233950755573,77579.50365424648,77439.58161941376,76882.15607332186
2019-03-07,28640.45572343972,77579.50365424648,77439.58161941376,76882.15607332186
2019-03-08,28564.651143766954,77579.50365424648,77439.58161941376,76882.15607332186
2019-03-09,29019.957707462145,77579.50365424648,77439.58161941376,76882.15607332186
2019-03-10,28934.187073510977,77579.50365424648,77439.58161941376,76882.15607332186
2019-03-11,28594.64047588794,77579.50365424648,77439.58161941376,76882.15607332186
2019-03-12,28623.408854632755,77579.50365424648,77439.58161941376,76882.15607332186
2019-03-13,28605.550400419077,77579.50365424648,77439.58161941376,76882.15607332186
2019-03-14,28734.799845519905,77579.50365424648,77439.58161941376,76882.15607332186
2019-03-15,29002.365610573575,77579.50365424648,77439.58161941376,76882.15607332186
2019-03-16,29645.357556285595,77579.50365424648,77439.58161941376,76882.15607332186
2019-03-17,29473.310388228852,77579.50365424648,77439.58161941376,76882.15607332186
2019-03-18,29526.603304847282,77579.50365424648,77439.58161941376,76882.15607332186
2019-03-19,29809.844824155185,77579.50365424648,77439.58161941376,76882.15607332186
2019-03-20,29929.094249949572,77579.50365424648,77439.58161941376,76882.15607332186
2019-03-21,29503.315809047326,76553.06282286094,76407.33216016441,75826.91785450332
2019-03-22,29464.079051135817,76452.37389132925,76306.82483072503,75727.1339968574
2019-03-23,29550.906176222146,76428.79463450328,76275.7430528873,75666.3130011017
2019-03-24,29450.89883262556,76428.79463450328,76275.7430528873,75666.3130011017
2019-03-25,29018.17722493994,76428.79463450328,76275.7430528873,75666.3130011017
2019-03-26,29179.339495328306,76428.79463450328,76275.7430528873,75666.3130011017
2019-03-27,29926.091026418144,76428.79463450328,76275.7430528873,75666.3130011017
2019-03-28,29794.592738934854,76428.79463450328,76275.7430528873,75666.3130011017
2019-03-29,30008.892401865916,76428.79463450328,76275.7430528873,75666.3130011017
2019-03-30,30069.561092466894,76495.83009431005,76340.75932050867,75723.33023721751
2019-03-31,30060.36550803495,76490.03365112218,76334.97448491977,75717.59162146877
2019-04-01,30446.819597006015,76489.83983537019,76332.89001387997,75708.02006779345
2019-04-02,35731.17373912699,76489.83983537019,76332.89001387997,75708.02006779345
2019-04-03,36413.18792678398,77933.98728930882,77766.5171355126,77099.9304825762
2019-04-04,36045.446780626604,77154.63486836512,76988.76387105304,76328.54399710723
2019-04-05,36879.309670458424,77154.74852408437,76981.25385900568,76290.85134997095
2019-04-06,37048.71650449379,77154.74852408437,76981.25385900568,76290.85134997095
2019-04-07,38067.077426606396,77154.74852408437,76981.25385900568,76290.85134997095
2019-04-08,38732.47020212338,77154.74852408437,76981.25385900568,76290.85134997095
2019-04-09,38111.460780081594,77154.74852408437,76981.25385900568,76290.85134997095
2019-04-10,38987.13998232246,77154.74852408437,76981.25385900568,76290.85134997095
2019-04-11,37082.91392482488,73416.40852832598,73243.69821005434,72556.60159804464
2019-04-12,37266.342952539126,73775.78078047399,73602.26235680743,72911.94998025562
2019-04-13,37317.94476828808,73765.89725551968,73585.11727718869,72866.0848449198
2019-04-14,37838.81098662114,73765.89725551968,73585.11727718869,72866.0848449198
2019-04-15,37102.10237803105,73765.89725551968,73585.11727718869,72866.0848449198
2019-04-16,38335.52628238896,73765.89725551968,73585.11727718869,72866.0848449198
2019-04-17,38455.45143347792,73765.89725551968,73585.11727718869,72866.0848449198
2019-04-18,38795.54862208172,73765.89725551968,73585.11727718869,72866.0848449198
2019-04-19,38835.28412961541,73765.89725551968,73585.11727718869,72866.0848449198
2019-04-20,39084.77692448888,73765.89725551968,73585.11727718869,72866.0848449198
2019-04-21,38913.76837123676,73765.89725551968,73585.11727718869,72866.0848449198
2019-04-22,39534.93510498734,73765.89725551968,73585.11727718869,72866.0848449198
2019-04-23,40801.64473681858,73765.89725551968,73585.11727718869,72866.0848449198
2019-04-24,40014.54632769044,72368.31255733305,72183.6738655607,71449.48500372982
2019-04-25,38152.15088366635,69034.93079930385,68858.4613117899,68156.76455921723
2019-04-26,38656.15257176399,69032.16637136997,68848.89206154743,68120.30866206571
2019-04-27,38575.19067072922,69032.16637136997,68848.89206154743,68120.30866206571
2019-04-28,38698.55522781488,69032.16637136997,68848.89206154743,68120.30866206571
2019-04-29,38421.87610944977,69032.16637136997,68848.89206154743,68120.30866206571
2019-04-30,39178.795697353155,69032.16637136997,68848.89206154743,68120.30866206571
2019-05-01,39559.332720914084,69032.16637136997,68848.89206154743,68120.30866206571
2019-05-02,40310.48540458391,69032.16637136997,68848.89206154743,68120.30866206571
2019-05-03,42236.25244038726,69032.16637136997,68848.89206154743,68120.30866206571
2019-05-04,42696.65375828755,69215.70395610871,69030.23809038219,68292.99064481356
2019-05-05,42437.01793346329,69110.67575050663,68925.48872539753,68189.3497747683
2019-05-06,42078.955032662554,69098.78306344154,68911.91668857087,68169.15008927514
2019-05-07,42684.45495032418,69098.78306344154,68911.91668857087,68169.15008927514
2019-05-08,43804.42135998404,69098.78306344154,68911.91668857087,68169.15008927514
2019-05-09,45210.79518709117,69098.78306344154,68911.91668857087,68169.15008927514
2019-05-10,46706.858139804775,71348.11845144605,71148.34540689668,70354.47283616381
2019-05-11,52754.381434987394,80498.53780440193,80274.0189449883,79381.7853675401
2019-05-12,51052.71565415249,80484.53213501548,80252.091946389,79328.60104085041
2019-05-13,57221.94100768018,80484.53213501548,80252.091946389,79328.60104085041
2019-05-14,58536.27318408122,82386.38140820242,82140.51084921,81163.90333546029
2019-05-15,60079.42954198052,84535.1763133845,84283.10001175021,83281.83692133051
2019-05-16,57734.44825385076,84426.41728113712,84166.32421730847,83133.46493725486
2019-05-17,53773.06770631592,84426.41728113712,84166.32421730847,83133.46493725486
2019-05-18,53240.83929228895,84426.41728113712,84166.32421730847,83133.46493725486
2019-05-19,60024.67076625747,84426.41728113712,84166.32421730847,83133.46493725486
2019-05-20,58418.33588094879,84426.41728113712,84166.32421730847,83133.46493725486
2019-05-21,58308.63956619723,84426.41728113712,84166.32421730847,83133.46493725486
2019-05-22,56234.55976640069,84426.41728113712,84166.32421730847,83133.46493725486
2019-05-23,57712.02418481609,84426.41728113712,84166.32421730847,83133.46493725486
2019-05-24,58484.69281992893,84426.41728113712,84166.32421730847,83133.46493725486
2019-05-25,58961.894313274686,84426.41728113712,84166.32421730847,83133.46493725486
2019-05-26,63506.543773806356,84426.41728113712,84166.32421730847,83133.46493725486
2019-05-27,64477.18561916422,85695.6438121319,85423.30734421227,84342.0987101142
2019-05-28,63848.82545000265,84868.64721075649,84598.8584771451,83527.76718714158
2019-05-29,63406.021591890094,84855.44364855828,84577.31953189336,83473.39947486033
2019-05-30,60916.3850369965,84855.44364855828,84577.31953189336,83473.39947486033
2019-05-31,62783.74652564578,84855.44364855828,84577.31953189336,83473.39947486033
2019-06-01,62706.971261224455,84855.44364855828,84577.31953189336,83473.39947486033
2019-06-02,64017.20618266478,84855.44364855828,84577.31953189336,83473.39947486033
2019-06-03,60107.45247774164,84855.44364855828,84577.31953189336,83473.39947486033
2019-06-04,56437.4167901504,84855.44364855828,84577.31953189336,83473.39947486033
2019-06-05,57290.15708503692,84855.44364855828,84577.31953189336,83473.39947486033
2019-06-06,57273.98973169272,84855.44364855828,84577.31953189336,83473.39947486033
2019-06-07,58898.97678029125,84855.44364855828,84577.31953189336,83473.39947486033
2019-06-08,58241.2779774405,84855.44364855828,84577.31953189336,83473.39947486033
2019-06-09,56293.21558218239,84855.44364855828,84577.31953189336,83473.39947486033
2019-06-10,58579.57323192544,84855.44364855828,84577.31953189336,83473.39947486033
2019-06-11,58047.87395728258,84855.44364855828,84577.31953189336,83473.39947486033
2019-06-12,59645.149118271445,84855.44364855828,84577.31953189336,83473.39947486033
2019-06-13,60268.01767868983,84855.44364855828,84577.31953189336,83473.39947486033
2019-06-14,63657.50580998619,84855.44364855828,84577.31953189336,83473.39947486033
2019-06-15,64715.863234058445,84855.44364855828,84577.31953189336,83473.39947486033
2019-06-16,65858.94731437808,84855.44364855828,84577.31953189336,83473.39947486033
2019-06-17,68244.97265743738,84855.44364855828,84577.31953189336,83473.39947486033
2019-06-18,66497.98322814067,84855.44364855828,84577.31953189336,83473.39947486033
2019-06-19,67902.06888493814,84855.44364855828,84577.31953189336,83473.39947486033
2019-06-20,69759.24801570943,84855.44364855828,84577.31953189336,83473.39947486033
2019-06-21,74279.91459118298,90317.80497447132,90013.40597771779,88805.48480647866
2019-06-22,78359.33612456743,95230.40828589458,94909.90762968626,93638.07634149355
2019-06-23,79484.60107860058,95186.32017997722,94856.56300499634,93548.31470583215
2019-06-24,80624.88930082311,95186.32017997722,94856.56300499634,93548.31470583215
2019-06-25,86334.80379261369,95186.32017997722,94856.56300499634,93548.31470583215
2019-06-26,95306.73387785589,105077.77413276589,104704.36868584146,103223.29446860886
2019-06-27,81882.13162799814,101419.8911184065,101051.38224491695,99590.01624173386
2019-06-28,90848.28408320845,101378.65441819522,101008.06589323615,99538.52987654008
2019-06-29,87568.24914856825,101378.65441819522,101008.06589323615,99538.52987654008
2019-06-30,79204.77930132579,101378.65441819522,101008.06589323615,99538.52987654008
2019-07-01,77491.24721227564,101378.65441819522,101008.06589323615,99538.52987654008
2019-07-02,79091.45051620765,101378.65441819522,101008.06589323615,99538.52987654008
2019-07-03,87582.14978319943,101378.65441819522,101008.06589323615,99538.52987654008
2019-07-04,82121.05951151997,101378.65441819522,101008.06589323615,99538.52987654008
2019-07-05,80385.87561091466,101378.65441819522,101008.06589323615,99538.52987654008
2019-07-06,82070.63395832083,101378.65441819522,101008.06589323615,99538.52987654008
2019-07-07,83844.75965738368,101378.65441819522,101008.06589323615,99538.52987654008
2019-07-08,89959.56588546863,101378.65441819522,101008.06589323615,99538.52987654008
2019-07-09,92067.27821355108,101378.65441819522,101008.06589323615,99538.52987654008
2019-07-10,89011.74853894963,101378.65441819522,101008.06589323615,99538.52987654008
2019-07-11,83169.77086763056,101378.65441819522,101008.06589323615,99538.52987654008
2019-07-12,86518.36510517396,101378.65441819522,101008.06589323615,99538.52987654008
2019-07-13,83416.65014297847,101378.65441819522,101008.06589323615,99538.52987654008
2019-07-14,75096.34805873419,101378.65441819522,101008.06589323615,99538.52987654008
2019-07-15,79775.4275249584,101378.65441819522,101008.06589323615,99538.52987654008
2019-07-16,69396.66597854711,101378.65441819522,101008.06589323615,99538.52987654008
2019-07-17,70979.42913440018,101378.65441819522,101008.06589323615,99538.52987654008
2019-07-18,78101.53083599088,101378.65441819522,101008.06589323615,99538.52987654008
2019-07-19,77107.54965347449,101378.65441819522,101008.06589323615,99538.52987654008
2019-07-20,78838.55764326466,101378.65441819522,101008.06589323615,99538.52987654008
2019-07-21,77608.1870161637,101378.65441819522,101008.06589323615,99538.52987654008
2019-07-22,75733.72504902227,101378.65441819522,101008.06589323615,99538.52987654008
2019-07-23,72494.85572835928,101378.65441819522,101008.06589323615,99538.52987654008
2019-07-24,71844.34321038732,101378.65441819522,101008.06589323615,99538.52987654008
2019-07-25,72575.94276370788,101378.65441819522,101008.06589323615,99538.52987654008
2019-07-26,72271.7948758285,101378.65441819522,101008.06589323615,99538.52987654008
2019-07-27,69396.93054823916,101378.65441819522,101008.06589323615,99538.52987654008
2019-07-28,69947.42857208234,101378.65441819522,101008.06589323615,99538.52987654008
2019-07-29,69700.56359779887,101378.65441819522,101008.06589323615,99538.52987654008
2019-07-30,70346.95025868123,101378.65441819522,101008.06589323615,99538.52987654008
2019-07-31,73848.43002557103,101378.65441819522,101008.06589323615,99538.52987654008
2019-08-01,76147.88387507077,101378.65441819522,101008.06589323615,99538.52987654008
2019-08-02,77015.60095968723,101378.65441819522,101008.06589323615,99538.52987654008
2019-08-03,79238.25094263679,101378.65441819522,101008.06589323615,99538.52987654008
2019-08-04,80325.28200090196,101378.65441819522,101008.06589323615,99538.52987654008
2019-08-05,86442.7053237786,101378.65441819522,101008.06589323615,99538.52987654008
2019-08-06,84044.81724777016,98544.4837939828,98174.25075878056,96706.5061384644
2019-08-07,87440.82666444905,102487.44271836209,102102.79624139397,100577.89639264258
2019-08-08,87619.7687331967,102590.06586838652,102194.91876642422,100628.76595649499
2019-08-09,86862.14124260376,102590.06586838652,102194.91876642422,100628.76595649499
2019-08-10,83135.81299012876,102590.06586838652,102194.91876642422,100628.76595649499
2019-08-11,84377.31699589266,102590.06586838652,102194.91876642422,100628.76595649499
2019-08-12,83345.16627239824,102590.06586838652,102194.91876642422,100628.76595649499
2019-08-13,79780.8476283794,102590.06586838652,102194.91876642422,100628.76595649499
2019-08-14,73600.03483739297,102590.06586838652,102194.91876642422,100628.76595649499
2019-08-15,75502.634148811,102590.06586838652,102194.91876642422,100628.76595649499
2019-08-16,75962.41337040837,102590.06586838652,102194.91876642422,100628.76595649499
2019-08-17,74918.31410757819,102590.06586838652,102194.91876642422,100628.76595649499
2019-08-18,75753.52487273303,102590.06586838652,102194.91876642422,100628.76595649499
2019-08-19,79928.92800007551,102590.06586838652,102194.91876642422,100628.76595649499
2019-08-20,78809.9483638617,102590.06586838652,102194.91876642422,100628.76595649499
2019-08-21,74232.27059501653,102590.06586838652,102194.91876642422,100628.76595649499
2019-08-22,74181.05848327345,102590.06586838652,102194.91876642422,100628.76595649499
2019-08-23,76208.62764626004,102590.06586838652,102194.91876642422,100628.76595649499
2019-08-24,74392.70708638479,102590.06586838652,102194.91876642422,100628.76595649499
2019-08-25,74235.6956999488,102590.06586838652,102194.91876642422,100628.76595649499
2019-08-26,75936.65000282803,102590.06586838652,102194.91876642422,100628.76595649499
2019-08-27,74579.70780494178,102590.06586838652,102194.91876642422,100628.76595649499
2019-08-28,71423.29842181319,102590.06586838652,102194.91876642422,100628.76595649499
2019-08-29,69635.06472268484,102590.06586838652,102194.91876642422,100628.76595649499
2019-08-30,70279.22041751529,102590.06586838652,102194.91876642422,100628.76595649499
2019-08-31,70517.11862439777,102590.06586838652,102194.91876642422,100628.76595649499
2019-09-01,71449.27630536005,102590.06586838652,102194.91876642422,100628.76595649499
2019-09-02,75760.48234058084,102590.06586838652,102194.91876642422,100628.76595649499
2019-09-03,77787.10048278248,102590.06586838652,102194.91876642422,100628.76595649499
2019-09-04,77574.41505249956,102590.06586838652,102194.91876642422,100628.76595649499
2019-09-05,77435.58746949316,102590.06586838652,102194.91876642422,100628.76595649499
2019-09-06,75808.38375590715,102590.06586838652,102194.91876642422,100628.76595649499
2019-09-07,77008.86515833817,102590.06586838652,102194.91876642422,100628.76595649499
2019-09-08,76452.53945073759,102590.06586838652,102194.91876642422,100628.76595649499
2019-09-09,75674.18256724557,102590.06586838652,102194.91876642422,100628.76595649499
2019-09-10,74070.63996476789,102590.06586838652,102194.91876642422,100628.76595649499
2019-09-11,74527.51607028487,102590.06586838652,102194.91876642422,100628.76595649499
2019-09-12,76224.45892458998,102590.06586838652,102194.91876642422,100628.76595649499
2019-09-13,75861.42640389796,102590.06586838652,102194.91876642422,100628.76595649499
2019-09-14,75843.13534248511,102590.06586838652,102194.91876642422,100628.76595649499
2019-09-15,75767.45410949309,102590.06586838652,102194.91876642422,100628.76595649499
2019-09-16,75248.17530931236,102590.06586838652,102194.91876642422,100628.76595649499
2019-09-17,74988.08185042617,102590.06586838652,102194.91876642422,100628.76595649499
2019-09-18,74673.05085251149,102590.06586838652,102194.91876642422,100628.76595649499
2019-09-19,75172.17945290277,102590.06586838652,102194.91876642422,100628.76595649499
2019-09-20,74551.45605214969,102590.06586838652,102194.91876642422,100628.76595649499
2019-09-21,73365.81915460259,102590.06586838652,102194.91876642422,100628.76595649499
2019-09-22,73736.87457244287,102590.06586838652,102194.91876642422,100628.76595649499
2019-09-23,71239.52259328637,102590.06586838652,102194.91876642422,100628.76595649499
2019-09-24,63121.03713035413,102590.06586838652,102194.91876642422,100628.76595649499
2019-09-25,62142.99448415095,102590.06586838652,102194.91876642422,100628.76595649499
2019-09-26,59448.25921365741,102590.06586838652,102194.91876642422,100628.76595649499
2019-09-27,60421.21068092159,102590.06586838652,102194.91876642422,100628.76595649499
2019-09-28,60377.78549876357,102590.06586838652,102194.91876642422,100628.76595649499
2019-09-29,59340.02160747826,102590.06586838652,102194.91876642422,100628.76595649499
2019-09-30,60728.905232780926,102590.06586838652,102194.91876642422,100628.76595649499
2019-10-01,61090.67925980265,102590.06586838652,102194.91876642422,100628.76595649499
2019-10-02,61455.07038161604,102590.06586838652,102194.91876642422,100628.76595649499
2019-10-03,60480.860420681536,102590.06586838652,102194.91876642422,100628.76595649499
2019-10-04,60085.078462432495,102590.06586838652,102194.91876642422,100628.76595649499
2019-10-05,59686.46846869135,102590.06586838652,102194.91876642422,100628.76595649499
2019-10-06,58490.434697299745,102590.06586838652,102194.91876642422,100628.76595649499
2019-10-07,60375.64748963048,102590.06586838652,102194.91876642422,100628.76595649499
2019-10-08,60252.34371206866,102590.06586838652,102194.91876642422,100628.76595649499
2019-10-09,62939.25630031606,102590.06586838652,102194.91876642422,100628.76595649499
2019-10-10,62871.40490010241,102590.06586838652,102194.91876642422,100628.76595649499
2019-10-11,60933.110131853675,102590.06586838652,102194.91876642422,100628.76595649499
2019-10-12,61041.46929708052,102590.06586838652,102194.91876642422,100628.76595649499
2019-10-13,60927.61137257827,102590.06586838652,102194.91876642422,100628.76595649499
2019-10-14,61320.668978052374,102590.06586838652,102194.91876642422,100628.76595649499
2019-10-15,60080.902551617364,102590.06586838652,102194.91876642422,100628.76595649499
2019-10-16,58925.15845400631,102590.06586838652,102194.91876642422,100628.76595649499
2019-10-17,59338.012307925084,102590.06586838652,102194.91876642422,100628.76595649499
2019-10-18,58380.98150064358,102590.06586838652,102194.91876642422,100628.76595649499
2019-10-19,58493.39859290397,102590.06586838652,102194.91876642422,100628.76595649499
2019-10-20,60203.24815786201,102590.06586838652,102194.91876642422,100628.76595649499
2019-10-21,60361.71825287042,102590.06586838652,102194.91876642422,100628.76595649499
2019-10-22,59149.774547294444,102590.06586838652,102194.91876642422,100628.76595649499
2019-10-23,55023.51702788414,102590.06586838652,102194.91876642422,100628.76595649499
2019-10-24,54868.411258284155,102590.06586838652,102194.91876642422,100628.76595649499
2019-10-25,63414.90255290446,102590.06586838652,102194.91876642422,100628.76595649499
2019-10-26,67693.03022608625,102590.06586838652,102194.91876642422,100628.76595649499
2019-10-27,69939.04099779099,105995.77466339986,105577.3960382923,103919.57132983688
2019-10-28,67774.86091678546,102748.71743229826,102342.84552744588,100734.59080184839
2019-10-29,69030.89480401571,102664.03817925828,102248.37134232638,100601.7005095038
2019-10-30,67405.66463732178,102664.03817925828,102248.37134232638,100601.7005095038
2019-10-31,67360.69494020475,102664.03817925828,102248.37134232638,100601.7005095038
2019-11-01,67811.14986779023,102664.03817925828,102248.37134232638,100601.7005095038
2019-11-02,68276.93553645044,102664.03817925828,102248.37134232638,100601.7005095038
2019-11-03,67622.60463427423,102664.03817925828,102248.37134232638,100601.7005095038
2019-11-04,68920.51203817126,102664.03817925828,102248.37134232638,100601.7005095038
2019-11-05,68407.33979250443,102664.03817925828,102248.37134232638,100601.7005095038
2019-11-06,68541.71974447144,102664.03817925828,102248.37134232638,100601.7005095038
2019-11-07,67858.42918681359,102664.03817925828,102248.37134232638,100601.7005095038
2019-11-08,64470.61428005617,102664.03817925828,102248.37134232638,100601.7005095038
2019-11-09,64534.325522115774,102664.03817925828,102248.37134232638,100601.7005095038
2019-11-10,66305.87702958025,102664.03817925828,102248.37134232638,100601.7005095038
2019-11-11,64125.79416492259,102664.03817925828,102248.37134232638,100601.7005095038
2019-11-12,64549.556155739454,102664.03817925828,102248.37134232638,100601.7005095038
2019-11-13,64495.37657312603,102664.03817925828,102248.37134232638,100601.7005095038
2019-11-14,63761.93218249331,102664.03817925828,102248.37134232638,100601.7005095038
2019-11-15,62179.59805857329,102664.03817925828,102248.37134232638,100601.7005095038
2019-11-16,62609.90993690155,102664.03817925828,102248.37134232638,100601.7005095038
2019-11-17,62809.18096874409,102664.03817925828,102248.37134232638,100601.7005095038
2019-11-18,60841.79783543378,102664.03817925828,102248.37134232638,100601.7005095038
2019-11-19,60086.58722473043,102664.03817925828,102248.37134232638,100601.7005095038
2019-11-20,58776.82066315036,102664.03817925828,102248.37134232638,100601.7005095038
2019-11-21,55961.323629298386,102664.03817925828,102248.37134232638,100601.7005095038
2019-11-22,53426.599393506156,102664.03817925828,102248.37134232638,100601.7005095038
2019-11-23,54167.741332071215,102664.03817925828,102248.37134232638,100601.7005095038
2019-11-24,51605.870100714536,102664.03817925828,102248.37134232638,100601.7005095038
2019-11-25,52325.0277279763,102664.03817925828,102248.37134232638,100601.7005095038
2019-11-26,52853.95974665092,102664.03817925828,102248.37134232638,100601.7005095038
2019-11-27,55147.9327132058,102664.03817925828,102248.37134232638,100601.7005095038
2019-11-28,54645.94389992744,102664.03817925828,102248.37134232638,100601.7005095038
2019-11-29,56828.951332262135,102664.03817925828,102248.37134232638,100601.7005095038
2019-11-30,55425.927529498986,102664.03817925828,102248.37134232638,100601.7005095038
2019-12-01,54361.74599693543,102664.03817925828,102248.37134232638,100601.7005095038
2019-12-02,53612.659817076514,102664.03817925828,102248.37134232638,100601.7005095038
2019-12-03,53599.16676278174,102664.03817925828,102248.37134232638,100601.7005095038
2019-12-04,53100.449317992956,102664.03817925828,102248.37134232638,100601.7005095038
2019-12-05,54537.5883099667,102664.03817925828,102248.37134232638,100601.7005095038
2019-12-06,55260.20321955574,102664.03817925828,102248.37134232638,100601.7005095038
2019-12-07,55327.868705931716,102664.03817925828,102248.37134232638,100601.7005095038
2019-12-08,55387.232424402966,102664.03817925828,102248.37134232638,100601.7005095038
2019-12-09,54190.458572926815,102664.03817925828,102248.37134232638,100601.7005095038
2019-12-10,53291.44718405964,102664.03817925828,102248.37134232638,100601.7005095038
2019-12-11,52847.04875726253,102664.03817925828,102248.37134232638,100601.7005095038
2019-12-12,53035.279367360956,102664.03817925828,102248.37134232638,100601.7005095038
2019-12-13,53229.68446202935,102664.03817925828,102248.37134232638,100601.7005095038
2019-12-14,52167.89478249261,102664.03817925828,102248.37134232638,100601.7005095038
2019-12-15,52370.19048946323,102664.03817925828,102248.37134232638,100601.7005095038
2019-12-16,50760.62713885826,102664.03817925828,102248.37134232638,100601.7005095038
2019-12-17,48622.814645405466,102664.03817925828,102248.37134232638,100601.7005095038
2019-12-18,53281.80469136408,102664.03817925828,102248.37134232638,100601.7005095038
2019-12-19,52740.26985965579,102664.03817925828,102248.37134232638,100601.7005095038
2019-12-20,52857.22038934218,102664.03817925828,102248.37134232638,100601.7005095038
2019-12-21,52654.706591138936,102664.03817925828,102248.37134232638,100601.7005095038
2019-12-22,55000.942797672906,102664.03817925828,102248.37134232638,100601.7005095038
2019-12-23,53858.97777564533,102664.03817925828,102248.37134232638,100601.7005095038
2019-12-24,53616.642663521765,102664.03817925828,102248.37134232638,100601.7005095038
2019-12-25,53269.74531877895,102664.03817925828,102248.37134232638,100601.7005095038
2019-12-26,53004.76447112197,102664.03817925828,102248.37134232638,100601.7005095038
2019-12-27,53379.08410691962,102664.03817925828,102248.37134232638,100601.7005095038
2019-12-28,53583.385538177296,102664.03817925828,102248.37134232638,100601.7005095038
2019-12-29,54349.74025334193,102664.03817925828,102248.37134232638,100601.7005095038
2019-12-30,53400.36766606558,102664.03817925828,102248.37134232638,100601.7005095038
2019-12-31,52672.57577115093,102664.03817925828,102248.37134232638,100601.7005095038
2020-01-01,52720.720304572635,102664.03817925828,102248.37134232638,100601.7005095038
2020-01-02,51148.62574278835,102664.03817925828,102248.37134232638,100601.7005095038
2020-01-03,53780.30762018633,102664.03817925828,102248.37134232638,100601.7005095038
2020-01-04,54261.903115579844,102664.03817925828,102248.37134232638,100601.7005095038
2020-01-05,54266.740450625104,102664.03817925828,102248.37134232638,100601.7005095038
2020-01-06,56887.34972888399,102664.03817925828,102248.37134232638,100601.7005095038
2020-01-07,59775.73928816309,107831.58630462554,107384.87517570083,105615.64739799222
2020-01-08,59161.926876798396,106734.92252042364,106292.65157108316,104541.013635922
2020-01-09,57691.702372253414,106766.75255389625,106313.82223161988,104520.3997125618
2020-01-10,59796.69392282703,106766.75255389625,106313.82223161988,104520.3997125618
2020-01-11,58852.015659951576,106766.75255389625,106313.82223161988,104520.3997125618
2020-01-12,59986.62993485937,106766.75255389625,106313.82223161988,104520.3997125618
2020-01-13,59632.97176190473,106766.75255389625,106313.82223161988,104520.3997125618
2020-01-14,64638.172701513264,106766.75255389625,106313.82223161988,104520.3997125618
2020-01-15,64486.20959082295,106547.24260672723,106084.72131656524,104253.78480481602
2020-01-16,63876.82693416712,105550.75420755622,105092.46026159066,103278.26233832807
2020-01-17,65379.7114946164,105567.80238861266,105099.03332450382,103243.81528152559
2020-01-18,65480.54114941802,105750.35756549604,105270.37519705702,103371.25642207339
2020-01-19,63748.38907447301,102981.44211853541,102513.75499422669,100663.29633890506
2020-01-20,63392.514236530886,102962.55907099856,102484.81248719305,100595.0076950372
2020-01-21,64038.707833043365,102962.55907099856,102484.81248719305,100595.0076950372
2020-01-22,63562.632548521906,102962.55907099856,102484.81248719305,100595.0076950372
2020-01-23,61553.726274623485,102962.55907099856,102484.81248719305,100595.0076950372
2020-01-24,61838.69643509501,102962.55907099856,102484.81248719305,100595.0076950372
2020-01-25,61270.59380093191,102962.55907099856,102484.81248719305,100595.0076950372
2020-01-26,62947.236294271,102962.55907099856,102484.81248719305,100595.0076950372
2020-01-27,65238.98902057229,102962.55907099856,102484.81248719305,100595.0076950372
2020-01-28,68524.95174642096,102962.55907099856,102484.81248719305,100595.0076950372
2020-01-29,68217.71482862356,102851.3504196499,102371.58364853765,100473.90906459543
2020-01-30,69626.22666486377,103375.15138430061,102892.95417513675,100985.66559575713
2020-01-31,68465.93125349616,103373.30061025554,102888.53490933558,100971.20958700022
2020-02-01,68775.99263151956,103373.30061025554,102888.53490933558,100971.20958700022
2020-02-02,68420.79709413812,103373.30061025554,102888.53490933558,100971.20958700022
2020-02-03,68048.5117847564,103373.30061025554,102888.53490933558,100971.20958700022
2020-02-04,67224.34144134565,103373.30061025554,102888.53490933558,100971.20958700022
2020-02-05,70390.88312862671,103373.30061025554,102888.53490933558,100971.20958700022
2020-02-06,71243.01920354083,104565.387108976,104064.84053322572,102085.59189534477
2020-02-07,71727.31760011264,105269.49659437592,104765.64812029988,102773.33995023716
2020-02-08,72233.8327002848,105238.91161444048,104724.83025708192,102692.55093389818
2020-02-09,74075.75259530355,107908.53937316842,107371.05068510427,105246.75787744048
2020-02-10,72171.5372636043,105161.99296850973,104637.92087970622,102566.66690893959
2020-02-11,74746.18649603399,105154.39186338088,104619.99884469844,102508.46445493764
2020-02-12,75608.86960596922,106415.53881077372,105864.3852166995,103687.16541352471
2020-02-13,74791.17049421546,105276.68731498576,104731.32134687639,102576.97005214497
2020-02-14,75506.81005962614,105247.83634403304,104692.25625335555,102498.08687333728
2020-02-15,72411.80229665084,105247.83634403304,104692.25625335555,102498.08687333728
2020-02-16,72741.36317603187,105247.83634403304,104692.25625335555,102498.08687333728
2020-02-17,70952.62893964829,105247.83634403304,104692.25625335555,102498.08687333728
2020-02-18,74261.1658957082,105247.83634403304,104692.25625335555,102498.08687333728
2020-02-19,70537.05430822069,105247.83634403304,104692.25625335555,102498.08687333728
2020-02-20,70354.65138187967,105247.83634403304,104692.25625335555,102498.08687333728
2020-02-21,70925.52842254326,105247.83634403304,104692.25625335555,102498.08687333728
2020-02-22,70755.21704618236,105247.83634403304,104692.25625335555,102498.08687333728
2020-02-23,72668.74237082903,105247.83634403304,104692.25625335555,102498.08687333728
2020-02-24,70659.97910757497,105247.83634403304,104692.25625335555,102498.08687333728
2020-02-25,68401.31904437713,105247.83634403304,104692.25625335555,102498.08687333728
2020-02-26,64585.14435458689,105247.83634403304,104692.25625335555,102498.08687333728
2020-02-27,64321.33976947971,105247.83634403304,104692.25625335555,102498.08687333728
2020-02-28,63500.97350920878,105247.83634403304,104692.25625335555,102498.08687333728
2020-02-29,62966.85020414412,105247.83634403304,104692.25625335555,102498.08687333728
2020-03-01,62695.53040967616,105247.83634403304,104692.25625335555,102498.08687333728
2020-03-02,64945.009189506476,105247.83634403304,104692.25625335555,102498.08687333728
2020-03-03,64345.444213585535,105247.83634403304,104692.25625335555,102498.08687333728
2020-03-04,64107.18132955995,105247.83634403304,104692.25625335555,102498.08687333728
2020-03-05,66476.01679316793,105247.83634403304,104692.25625335555,102498.08687333728
2020-03-06,66796.60375461576,105247.83634403304,104692.25625335555,102498.08687333728
2020-03-07,65239.97579401833,105247.83634403304,104692.25625335555,102498.08687333728
2020-03-08,59368.80249965445,105247.83634403304,104692.25625335555,102498.08687333728
2020-03-09,58018.074114265364,105247.83634403304,104692.25625335555,102498.08687333728
2020-03-10,57916.18618069552,105247.83634403304,104692.25625335555,102498.08687333728
2020-03-11,57928.63883255263,105247.83634403304,104692.25625335555,102498.08687333728
2020-03-12,36396.83108433602,105247.83634403304,104692.25625335555,102498.08687333728
2020-03-13,40738.26956977321,105247.83634403304,104692.25625335555,102498.08687333728
2020-03-14,38077.83540232792,105247.83634403304,104692.25625335555,102498.08687333728
2020-03-15,39483.31183764173,105247.83634403304,104692.25625335555,102498.08687333728
2020-03-16,36716.7494710215,105247.83634403304,104692.25625335555,102498.08687333728
2020-03-17,38262.816095533395,105247.83634403304,104692.25625335555,102498.08687333728
2020-03-18,38356.6060513667,105247.83634403304,104692.25625335555,102498.08687333728
2020-03-19,45332.81186885381,105247.83634403304,104692.25625335555,102498.08687333728
2020-03-20,45388.353627854696,105247.83634403304,104692.25625335555,102498.08687333728
2020-03-21,45287.953004986135,105247.83634403304,104692.25625335555,102498.08687333728
2020-03-22,42689.97158593013,105247.83634403304,104692.25625335555,102498.08687333728
2020-03-23,46981.18830833639,105247.83634403304,104692.25625335555,102498.08687333728
2020-03-24,49313.20925682159,105247.83634403304,104692.25625335555,102498.08687333728
2020-03-25,48919.7118936161,105247.83634403304,104692.25625335555,102498.08687333728
2020-03-26,49178.75064900018,105247.83634403304,104692.25625335555,102498.08687333728
2020-03-27,47372.801506302516,105247.83634403304,104692.25625335555,102498.08687333728
2020-03-28,45706.24841392257,105247.83634403304,104692.25625335555,102498.08687333728
2020-03-29,43362.05725960286,105247.83634403304,104692.25625335555,102498.08687333728
2020-03-30,47080.23390534969,105247.83634403304,104692.25625335555,102498.08687333728
2020-03-31,47144.688802759934,105247.83634403304,104692.25625335555,102498.08687333728
2020-04-01,48375.77448308266,105247.83634403304,104692.25625335555,102498.08687333728
2020-04-02,49743.9036886235,105247.83634403304,104692.25625335555,102498.08687333728
2020-04-03,49302.837409839834,105247.83634403304,104692.25625335555,102498.08687333728
2020-04-04,50285.03093999538,105247.83634403304,104692.25625335555,102498.08687333728
2020-04-05,49725.6340788073,105247.83634403304,104692.25625335555,102498.08687333728
2020-04-06,53245.03665470073,105247.83634403304,104692.25625335555,102498.08687333728
2020-04-07,52546.74785571628,103854.66163257595,103296.06861518082,102146.20547584537
2020-04-08,53701.333567108064,106114.0735717191,105543.55361754663,102696.30087273303
2020-04-09,53466.95699734279,106169.49243660591,105588.22107096994,102696.9940302038
2020-04-10,50270.136381385935,106169.49243660591,105588.22107096994,102696.9940302038
2020-04-11,50223.20028790903,106169.49243660591,105588.22107096994,102696.9940302038
2020-04-12,51043.344881681216,106169.49243660591,105588.22107096994,102696.9940302038
2020-04-13,50120.357758288126,106169.49243660591,105588.22107096994,102696.9940302038
2020-04-14,50101.24796093636,106169.49243660591,105588.22107096994,102696.9940302038
2020-04-15,48634.49146451695,106169.49243660591,105588.22107096994,102696.9940302038
2020-04-16,52110.272218616374,106169.49243660591,105588.22107096994,102696.9940302038
2020-04-17,51959.292306105985,106169.49243660591,105588.22107096994,102696.9940302038
2020-04-18,53141.67571149404,106169.49243660591,105588.22107096994,102696.9940302038
2020-04-19,52642.01082118643,106169.49243660591,105588.22107096994,102696.9940302038
2020-04-20,50390.69792984227,106169.49243660591,105588.22107096994,102696.9940302038
2020-04-21,50378.72436364375,106169.49243660591,105588.22107096994,102696.9940302038
2020-04-22,52113.22538842227,106169.49243660591,105588.22107096994,102696.9940302038
2020-04-23,54401.52083239631,106169.49243660591,105588.22107096994,102696.9940302038
2020-04-24,55288.79104736205,107820.71138590161,107219.94019455482,104243.34085442756
2020-04-25,55428.169221349235,108090.00041798959,107487.75488594624,104503.8222176332
2020-04-26,56233.10105782828,108092.87401324272,107479.9619586301,104454.80608165344
2020-04-27,57080.52135674484,109711.76602226928,109079.03457347937,105967.50913975082
2020-04-28,57164.414975988875,109871.41610776025,109237.77940538345,106121.78590288728
2020-04-29,64442.47693577957,109866.59224623829,109222.16663501834,106064.56527604225
2020-04-30,63399.185683089985,108147.31985655619,107502.16982991877,104352.30790400229
2020-05-01,64909.10636724147,110695.80882745964,110035.7105665211,106812.60424416582
2020-05-02,65815.80815350877,110748.83948893353,110077.53361155167,106810.89200901269
2020-05-03,65148.556239615194,110748.83948893353,110077.53361155167,106810.89200901269
2020-05-04,65259.747015600246,110748.83948893353,110077.53361155167,106810.89200901269
2020-05-05,65921.78619150713,110748.83948893353,110077.53361155167,106810.89200901269
2020-05-06,67867.21719090913,110748.83948893353,110077.53361155167,106810.89200901269
2020-05-07,72866.46173718033,110748.83948893353,110077.53361155167,106810.89200901269
2020-05-08,72069.42766353571,109718.7416215144,109042.79883963299,105764.63200143853
2020-05-09,70247.9010864018,106977.9109264408,106318.58173403807,103121.25828540292
2020-05-10,64115.85492514,106947.86012903426,106278.21002464858,103041.31912679535
2020-05-11,62983.59675059795,106947.86012903426,106278.21002464858,103041.31912679535
2020-05-12,64467.661110250265,106947.86012903426,106278.21002464858,103041.31912679535
2020-05-13,67876.19110884234,106947.86012903426,106278.21002464858,103041.31912679535
2020-05-14,71271.72143986264,106947.86012903426,106278.21002464858,103041.31912679535
2020-05-15,68302.41288274206,106947.86012903426,106278.21002464858,103041.31912679535
2020-05-16,68659.85368723987,106947.86012903426,106278.21002464858,103041.31912679535
2020-05-17,70810.55501501504,106947.86012903426,106278.21002464858,103041.31912679535
2020-05-18,71219.3938450936,106947.86012903426,106278.21002464858,103041.31912679535
2020-05-19,71237.42748734659,106947.86012903426,106278.21002464858,103041.31912679535
2020-05-20,69728.65088834995,106947.86012903426,106278.21002464858,103041.31912679535
2020-05-21,66497.97607760844,106947.86012903426,106278.21002464858,103041.31912679535
2020-05-22,67236.16127110149,106947.86012903426,106278.21002464858,103041.31912679535
2020-05-23,67431.73547778749,106947.86012903426,106278.21002464858,103041.31912679535
2020-05-24,64364.350220769105,106947.86012903426,106278.21002464858,103041.31912679535
2020-05-25,65217.86634840124,106947.86012903426,106278.21002464858,103041.31912679535
2020-05-26,64691.53712345387,106947.86012903426,106278.21002464858,103041.31912679535
2020-05-27,67224.74187114985,106947.86012903426,106278.21002464858,103041.31912679535
2020-05-28,69748.9297977193,106947.86012903426,106278.21002464858,103041.31912679535
2020-05-29,69114.63468681705,106947.86012903426,106278.21002464858,103041.31912679535
2020-05-30,71027.83823751393,106947.86012903426,106278.21002464858,103041.31912679535
2020-05-31,69275.24279095855,106947.86012903426,106278.21002464858,103041.31912679535
2020-06-01,74446.21451896976,106947.86012903426,106278.21002464858,103041.31912679535
2020-06-02,69778.60450642271,100354.24983934975,99715.36828578735,96637.57321755413
2020-06-03,70707.88767343348,101675.88853300027,101028.73158722247,97910.93571623765
2020-06-04,71761.68305795084,101666.89862375753,101009.80565924682,97853.83430975549
2020-06-05,70772.43552776254,101666.89862375753,101009.80565924682,97853.83430975549
2020-06-06,70685.64236770425,101666.89862375753,101009.80565924682,97853.83430975549
2020-06-07,71455.73323595262,101666.89862375753,101009.80565924682,97853.83430975549
2020-06-08,71548.2611228495,101666.89862375753,101009.80565924682,97853.83430975549
2020-06-09,71725.53711759043,101666.89862375753,101009.80565924682,97853.83430975549
2020-06-10,72270.26466193392,101666.89862375753,101009.80565924682,97853.83430975549
2020-06-11,68255.43388607186,101666.89862375753,101009.80565924682,97853.83430975549
2020-06-12,69420.11257368892,101666.89862375753,101009.80565924682,97853.83430975549
2020-06-13,69379.3545400481,101666.89862375753,101009.80565924682,97853.83430975549
2020-06-14,68731.42336420671,101666.89862375753,101009.80565924682,97853.83430975549
2020-06-15,69199.41139678996,101666.89862375753,101009.80565924682,97853.83430975549
2020-06-16,69838.79768663121,101666.89862375753,101009.80565924682,97853.83430975549
2020-06-17,69415.80080276165,101666.89862375753,101009.80565924682,97853.83430975549
2020-06-18,68914.86311771929,101666.89862375753,101009.80565924682,97853.83430975549
2020-06-19,68008.21853570972,101666.89862375753,101009.80565924682,97853.83430975549
2020-06-20,68332.75259094173,101666.89862375753,101009.80565924682,97853.83430975549
2020-06-21,68122.52694374169,101666.89862375753,101009.80565924682,97853.83430975549
2020-06-22,70649.31051350618,101666.89862375753,101009.80565924682,97853.83430975549
2020-06-23,70509.75357621355,101666.89862375753,101009.80565924682,97853.83430975549
2020-06-24,68195.60538300646,101666.89862375753,101009.80565924682,97853.83430975549
2020-06-25,67838.30758915302,101666.89862375753,101009.80565924682,97853.83430975549
2020-06-26,67092.21390702721,101666.89862375753,101009.80565924682,97853.83430975549
2020-06-27,66231.66165569286,101666.89862375753,101009.80565924682,97853.83430975549
2020-06-28,66950.63336911699,101666.89862375753,101009.80565924682,97853.83430975549
2020-06-29,67296.76918217861,101666.89862375753,101009.80565924682,97853.83430975549
2020-06-30,66909.71087323515,101666.89862375753,101009.80565924682,97853.83430975549
2020-07-01,67571.13510337131,101666.89862375753,101009.80565924682,97853.83430975549
2020-07-02,66802.93197562841,101666.89862375753,101009.80565924682,97853.83430975549
2020-07-03,66538.55534794382,101666.89862375753,101009.80565924682,97853.83430975549
2020-07-04,66869.40332312405,101666.89862375753,101009.80565924682,97853.83430975549
2020-07-05,66440.72176614142,101666.89862375753,101009.80565924682,97853.83430975549
2020-07-06,68648.58444846478,101666.89862375753,101009.80565924682,97853.83430975549
2020-07-07,67746.51620707454,101666.89862375753,101009.80565924682,97853.83430975549
2020-07-08,69035.6213058116,101666.89862375753,101009.80565924682,97853.83430975549
2020-07-09,67934.62525812526,101666.89862375753,101009.80565924682,97853.83430975549
2020-07-10,67940.7747158325,101666.89862375753,101009.80565924682,97853.83430975549
2020-07-11,67659.15815497105,101666.89862375753,101009.80565924682,97853.83430975549
2020-07-12,67923.87800820208,101666.89862375753,101009.80565924682,97853.83430975549
2020-07-13,67683.08383577144,101666.89862375753,101009.80565924682,97853.83430975549
2020-07-14,67680.15211756219,101666.89862375753,101009.80565924682,97853.83430975549
2020-07-15,67311.28476258053,101666.89862375753,101009.80565924682,97853.83430975549
2020-07-16,66867.49413102191,101666.89862375753,101009.80565924682,97853.83430975549
2020-07-17,67007.82332579404,101666.89862375753,101009.80565924682,97853.83430975549
2020-07-18,67063.81914359076,101666.89862375753,101009.80565924682,97853.83430975549
2020-07-19,67259.88673699978,101666.89862375753,101009.80565924682,97853.83430975549
2020-07-20,67101.83137286,101666.89862375753,101009.80565924682,97853.83430975549
2020-07-21,68644.28697860196,101666.89862375753,101009.80565924682,97853.83430975549
2020-07-22,69746.09103642889,101666.89862375753,101009.80565924682,97853.83430975549
2020-07-23,70154.00029731913,101809.36389154106,101148.84968683921,97978.84467867562
2020-07-24,69830.51021979091,101692.65716968452,101032.8972632536,97866.51509669785
2020-07-25,70857.2265387999,101699.50633737969,101037.19846432615,97860.98001805985
2020-07-26,72527.06887599998,104039.74769941393,103352.1933295852,100064.43495833564
2020-07-27,80476.76602593368,115335.63821080523,114574.52048272356,110933.97558279347
2020-07-28,79905.2740394994,115612.29411924495,114837.98657024388,111145.03880298421
2020-07-29,81279.23450406376,115612.29411924495,114837.98657024388,111145.03880298421
2020-07-30,81357.9189605872,115612.29411924495,114837.98657024388,111145.03880298421
2020-07-31,82912.06568650507,115612.29411924495,114837.98657024388,111145.03880298421
2020-08-01,86105.44332119911,120029.66191790538,119214.40120874843,115336.7072138638
2020-08-02,80936.16626932351,112893.72031257456,112126.2522148897,108476.4981620282
2020-08-03,82347.39530780647,112794.20118981313,112016.31147777318,108327.16661741442
2020-08-04,82051.1702096243,112794.20118981313,112016.31147777318,108327.16661741442
2020-08-05,86013.40167049304,112794.20118981313,112016.31147777318,108327.16661741442
2020-08-06,86253.20906947764,112794.20118981313,112016.31147777318,108327.16661741442
2020-08-07,84947.66489717213,112794.20118981313,112016.31147777318,108327.16661741442
2020-08-08,86064.82829820264,112794.20118981313,112016.31147777318,108327.16661741442
2020-08-09,85491.45572179511,112794.20118981313,112016.31147777318,108327.16661741442
2020-08-10,86973.25336273441,112794.20118981313,112016.31147777318,108327.16661741442
2020-08-11,83549.52133264755,112794.20118981313,112016.31147777318,108327.16661741442
2020-08-12,84826.57063406557,112794.20118981313,112016.31147777318,108327.16661741442
2020-08-13,86285.1647979585,112794.20118981313,112016.31147777318,108327.16661741442
2020-08-14,86173.38052779937,112794.20118981313,112016.31147777318,108327.16661741442
2020-08-15,86882.36294771537,112794.20118981313,112016.31147777318,108327.16661741442
2020-08-16,87080.83311994953,112794.20118981313,112016.31147777318,108327.16661741442
2020-08-17,89728.51073791848,112794.20118981313,112016.31147777318,108327.16661741442
2020-08-18,87801.54956323477,110418.95988086623,109646.36376907324,105992.3819767281
2020-08-19,86095.8544574952,108296.23890634408,107538.28222450576,103953.72798331598
2020-08-20,86975.16255483654,108325.55144754276,107556.74904746935,103930.41450779278
2020-08-21,84881.88715130162,108325.55144754276,107556.74904746935,103930.41450779278
2020-08-22,85536.01783857573,108325.55144754276,107556.74904746935,103930.41450779278
2020-08-23,85411.70583597122,108325.55144754276,107556.74904746935,103930.41450779278
2020-08-24,86215.29694765946,108325.55144754276,107556.74904746935,103930.41450779278
2020-08-25,83224.48674016031,108325.55144754276,107556.74904746935,103930.41450779278
2020-08-26,84119.46165359061,108325.55144754276,107556.74904746935,103930.41450779278
2020-08-27,82911.55799871762,108325.55144754276,107556.74904746935,103930.41450779278
2020-08-28,84515.85855761037,108325.55144754276,107556.74904746935,103930.41450779278
2020-08-29,84254.93563698692,108325.55144754276,107556.74904746935,103930.41450779278
2020-08-30,85753.34396426793,108325.55144754276,107556.74904746935,103930.41450779278
2020-08-31,85528.65994092374,108325.55144754276,107556.74904746935,103930.41450779278
2020-09-01,87649.57930201224,108325.55144754276,107556.74904746935,103930.41450779278
2020-09-02,83575.21319490571,108325.55144754276,107556.74904746935,103930.41450779278
2020-09-03,75017.54919369526,108325.55144754276,107556.74904746935,103930.41450779278
2020-09-04,76969.0223928212,108325.55144754276,107556.74904746935,103930.41450779278
2020-09-05,74463.04687181019,108325.55144754276,107556.74904746935,103930.41450779278
2020-09-06,75274.2246981814,108325.55144754276,107556.74904746935,103930.41450779278
2020-09-07,75927.44726786387,108325.55144754276,107556.74904746935,103930.41450779278
2020-09-08,74184.43353448018,108325.55144754276,107556.74904746935,103930.41450779278
2020-09-09,74995.95458639784,108325.55144754276,107556.74904746935,103930.41450779278
2020-09-10,75880.40391640371,108325.55144754276,107556.74904746935,103930.41450779278
2020-09-11,76157.00795418053,108325.55144754276,107556.74904746935,103930.41450779278
2020-09-12,76459.08933824899,108325.55144754276,107556.74904746935,103930.41450779278
2020-09-13,75592.03725312877,108325.55144754276,107556.74904746935,103930.41450779278
2020-09-14,78206.6436595909,108325.55144754276,107556.74904746935,103930.41450779278
2020-09-15,79056.84194027404,108325.55144754276,107556.74904746935,103930.41450779278
2020-09-16,80359.84767364227,108325.55144754276,107556.74904746935,103930.41450779278
2020-09-17,80170.09400018147,108325.55144754276,107556.74904746935,103930.41450779278
2020-09-18,80137.8450998797,108325.55144754276,107556.74904746935,103930.41450779278
2020-09-19,81234.41496812328,108325.55144754276,107556.74904746935,103930.41450779278
2020-09-20,80091.60975856014,108325.55144754276,107556.74904746935,103930.41450779278
2020-09-21,76606.18293649906,108325.55144754276,107556.74904746935,103930.41450779278
2020-09-22,77164.13181491305,108325.55144754276,107556.74904746935,103930.41450779278
2020-09-23,75024.06332854557,108325.55144754276,107556.74904746935,103930.41450779278
2020-09-24,78786.76633841195,108325.55144754276,107556.74904746935,103930.41450779278
2020-09-25,78293.62273348687,108325.55144754276,107556.74904746935,103930.41450779278
2020-09-26,78718.35719668533,108325.55144754276,107556.74904746935,103930.41450779278
2020-09-27,78898.08582397693,108325.55144754276,107556.74904746935,103930.41450779278
2020-09-28,78417.62726320601,108325.55144754276,107556.74904746935,103930.41450779278
2020-09-29,79406.03103059263,108325.55144754276,107556.74904746935,103930.41450779278
2020-09-30,78965.60829970856,108325.55144754276,107556.74904746935,103930.41450779278
2020-10-01,77757.16835491924,108325.55144754276,107556.74904746935,103930.41450779278
2020-10-02,77438.81951005555,108325.55144754276,107556.74904746935,103930.41450779278
2020-10-03,77243.71723849593,108325.55144754276,107556.74904746935,103930.41450779278
2020-10-04,78124.23377578205,108325.55144754276,107556.74904746935,103930.41450779278
2020-10-05,79030.39927213303,108325.55144754276,107556.74904746935,103930.41450779278
2020-10-06,77647.00010504133,108325.55144754276,107556.74904746935,103930.41450779278
2020-10-07,78119.73609101713,108325.55144754276,107556.74904746935,103930.41450779278
2020-10-08,79926.23224942943,108325.55144754276,107556.74904746935,103930.41450779278
2020-10-09,81015.56577906873,108325.55144754276,107556.74904746935,103930.41450779278
2020-10-10,82713.59551427093,108325.55144754276,107556.74904746935,103930.41450779278
2020-10-11,83356.62857554319,108534.64542271197,107761.69708816582,104118.16375671513
2020-10-12,84610.04536798176,108940.92474640241,108165.09298763197,104507.95894310328
2020-10-13,83662.09216135062,108925.15705720699,108146.71570531648,104479.6822932289
2020-10-14,83688.50622736276,108925.15705720699,108146.71570531648,104479.6822932289
2020-10-15,84170.61656107595,108925.15705720699,108146.71570531648,104479.6822932289
2020-10-16,82902.22655417354,108925.15705720699,108146.71570531648,104479.6822932289
2020-10-17,83165.66646213761,108925.15705720699,108146.71570531648,104479.6822932289
2020-10-18,84082.82232650717,108925.15705720699,108146.71570531648,104479.6822932289
2020-10-19,85976.89820352173,108925.15705720699,108146.71570531648,104479.6822932289
2020-10-20,87253.13234426695,110489.70353228976,109689.37092305947,105928.6414069532
2020-10-21,93896.91349421983,118822.61820041697,117962.7338261519,113921.47153567425
2020-10-22,94938.1382430985,118620.08248483937,117749.97286730631,113670.81733478792
2020-10-23,94686.60397127688,118620.08248483937,117749.97286730631,113670.81733478792
2020-10-24,95979.13417494622,118620.08248483937,117749.97286730631,113670.81733478792
2020-10-25,95416.14417131874,118620.08248483937,117749.97286730631,113670.81733478792
2020-10-26,95738.86199136745,118620.08248483937,117749.97286730631,113670.81733478792
2020-10-27,99978.1694251394,118620.08248483937,117749.97286730631,113670.81733478792
2020-10-28,97174.27412981063,115326.6740204428,114469.0651793883,110458.55491910403
2020-10-29,98394.12632401937,116759.50659820522,115891.38755196362,111831.60446355179
2020-10-30,99189.60158164051,116759.43100737542,115879.83997194437,111776.15649730002
2020-10-31,100906.44436710747,116759.43100737542,115879.83997194437,111776.15649730002
2020-11-01,100585.10659977677,116759.43100737542,115879.83997194437,111776.15649730002
2020-11-02,99218.64704350877,116759.43100737542,115879.83997194437,111776.15649730002
2020-11-03,102146.12498715585,116759.43100737542,115879.83997194437,111776.15649730002
2020-11-04,103489.05214189546,116759.43100737542,115879.83997194437,111776.15649730002
2020-11-05,114077.91062592684,128586.41423603312,127606.25413157245,123043.03660489651
2020-11-06,113975.63656361724,128557.12475745616,127567.70093812182,122969.25474250579
2020-11-07,108614.89686108081,128557.12475745614,127564.54229392955,122954.0208110627
2020-11-08,113343.63677355688,128557.12475745614,127564.54229392955,122954.0208110627
2020-11-09,112265.43662258053,128557.12475745614,127564.54229392955,122954.0208110627
2020-11-10,111962.20400282503,128557.12475745614,127564.54229392955,122954.0208110627
2020-11-11,114967.48688753278,128557.12475745614,127564.54229392955,122954.0208110627
2020-11-12,119177.74885943648,128557.12475745614,127564.54229392955,122954.0208110627
2020-11-13,119481.36045739953,128880.59977045382,127872.89080950731,123202.53471058766
2020-11-14,117653.24108956092,126928.32600984821,125935.69044683618,121335.34991594273
2020-11-15,116829.12795040791,126928.33364599971,125923.23068085857,121275.27351795453
2020-11-16,122397.79082877027,126928.33364599971,125923.23068085857,121275.27351795453
2020-11-17,129202.22298605797,134142.7421568289,133068.06699330997,128108.44889262854
2020-11-18,130363.51232140385,135334.97376514532,134250.85771880508,129247.58158461342
2020-11-19,130459.31515205643,135333.88728879573,134236.5022330841,129182.60588540637
2020-11-20,136347.96434716033,135333.88728879573,134236.5022330841,129182.60588540637
2020-11-21,136501.12874726322,135484.378235671,134372.48347538526,129262.31122600334
2020-11-22,134507.8177841316,133525.6772218162,132429.6650262323,127392.63832892476
2020-11-23,134464.75727911666,133525.78964385143,132416.6664651815,127329.66320188613
2020-11-24,139907.62799470546,133525.78964385143,132416.6664651815,127329.66320188613
2020-11-25,137159.30663577255,130950.19473693638,129849.35841353142,124810.56801103064
2020-11-26,125579.34863370848,120008.96995994647,118999.0161996446,114377.05947619151
2020-11-27,125270.20252380894,120031.73808272023,119009.82624269693,114342.18689769813
2020-11-28,129729.47462966142,120031.73808272023,119009.82624269693,114342.18689769813
2020-11-29,133098.17616380096,120031.73808272023,119009.82624269693,114342.18689769813
2020-11-30,143703.216302241,120031.73808272023,119009.82624269693,114342.18689769813
2020-12-01,137678.27796306793,118774.1896643842,117760.03750562333,113130.09119910917
2020-12-02,140593.1781205441,119376.78878469294,118357.5062896921,113704.12688616426
2020-12-03,142382.02676544315,119384.10604283116,118361.87877897231,113697.25020483288
2020-12-04,136922.3952023361,119384.10604283116,118361.87877897231,113697.25020483288
2020-12-05,140250.0526815461,119384.10604283116,118361.87877897231,113697.25020483288
2020-12-06,141647.78151520208,119384.10604283116,118361.87877897231,113697.25020483288
2020-12-07,140523.90376441914,119384.10604283116,118361.87877897231,113697.25020483288
2020-12-08,134150.07665728065,119384.10604283116,118361.87877897231,113697.25020483288
2020-12-09,135854.4632156244,119384.10604283116,118361.87877897231,113697.25020483288
2020-12-10,133738.92105476357,119384.10604283116,118361.87877897231,113697.25020483288
2020-12-11,132229.91563873593,119384.10604283116,118361.87877897231,113697.25020483288
2020-12-12,137683.09742178267,119384.10604283116,118361.87877897231,113697.25020483288
2020-12-13,140163.3024246811,119384.10604283116,118361.87877897231,113697.25020483288
2020-12-14,140926.72184637038,119384.10604283116,118361.87877897231,113697.25020483288
2020-12-15,142174.64703006577,119384.10604283116,118361.87877897231,113697.25020483288
2020-12-16,156039.28588206784,119384.10604283116,118361.87877897231,113697.25020483288
2020-12-17,166982.7035061133,121459.46354825204,120416.53687313372,115659.67960895396
2020-12-18,169419.5047784504,121920.89572294272,120874.01803152061,116099.1314854001
2020-12-19,174778.37104154582,121913.83042951068,120863.83328061286,116077.1295845558
2020-12-20,171904.1574123883,119969.80446887191,118924.58899538679,114168.73631994592
2020-12-21,166967.47287248963,116560.73493062369,115544.88046796847,110922.87811698511
2020-12-22,174142.78883484437,116515.01033868897,115488.1234407015,110824.47403045153
2020-12-23,170176.5030222082,116515.01033868897,115488.1234407015,110824.47403045153
2020-12-24,173798.06167662962,116515.01033868897,115488.1234407015,110824.47403045153
2020-12-25,180599.1759869683,116515.01033868897,115488.1234407015,110824.47403045153
2020-12-26,193575.81884498455,124746.1051047129,123635.2357439678,118598.68083648308
2020-12-27,192369.5526619894,123975.65510207778,122871.57598244377,117865.85923641114
2020-12-28,198318.89557455707,124015.53494168875,122898.92191439065,117845.33895880639
2020-12-29,200351.73467978806,124015.53494168875,122898.92191439065,117845.33895880639
2020-12-30,211177.64045736808,124015.53494168875,122898.92191439065,117845.33895880639
2020-12-31,212354.8039742372,124697.27542801356,123562.35687969693,118434.82583095299
2021-01-01,215081.802446097,126282.70971833426,125133.51621177689,119941.37935610293
2021-01-02,235240.51136888145,126292.51241402762,125130.83774291832,119891.2777902002
2021-01-03,240034.72870487487,128832.29309144063,127634.8680124953,122242.97756374179
2021-01-04,234102.99040262715,125679.59295690183,124511.16731602207,119250.07449772274
2021-01-05,248897.49876528184,125699.54550442909,124518.60630723012,119209.94705404047
2021-01-06,269633.3271433559,125699.54550442909,124518.60630723012,119209.94705404047
2021-01-07,288280.4850606433,134273.5335873576,132999.71179386717,127282.25432074077
2021-01-08,298726.01112637116,139094.40611820534,137775.29253536492,131854.23552282387
2021-01-09,294749.62876224355,139064.0975392835,137731.61427814086,131760.13026076523
2021-01-10,280851.4253120117,139064.0975392835,137731.61427814086,131760.13026076523
2021-01-11,260424.21390445303,139064.0975392835,137731.61427814086,131760.13026076523
2021-01-12,248388.83850544438,139064.0975392835,137731.61427814086,131760.13026076523
2021-01-13,273235.79387675616,139064.0975392835,137731.61427814086,131760.13026076523
2021-01-14,286935.2983377229,139064.0975392835,137731.61427814086,131760.13026076523
2021-01-15,269640.6778904757,139064.0975392835,137731.61427814086,131760.13026076523
2021-01-16,264901.59115788067,139064.0975392835,137731.61427814086,131760.13026076523
2021-01-17,262068.9221209079,139064.0975392835,137731.61427814086,131760.13026076523
2021-01-18,268210.71445758245,139064.0975392835,137731.61427814086,131760.13026076523
2021-01-19,264108.3397157792,139064.0975392835,137731.61427814086,131760.13026076523
2021-01-20,260285.77960071858,139064.0975392835,137731.61427814086,131760.13026076523
2021-01-21,225710.23912595326,139064.0975392835,137731.61427814086,131760.13026076523
2021-01-22,241672.97284020498,139064.0975392835,137731.61427814086,131760.13026076523
2021-01-23,234803.92847379824,139064.0975392835,137731.61427814086,131760.13026076523
2021-01-24,236427.51401808212,139064.0975392835,137731.61427814086,131760.13026076523
2021-01-25,236991.41928983346,139064.0975392835,137731.61427814086,131760.13026076523
2021-01-26,238481.1611720666,139064.0975392835,137731.61427814086,131760.13026076523
2021-01-27,222831.5206614986,139064.0975392835,137731.61427814086,131760.13026076523
2021-01-28,245043.61931910773,139064.0975392835,137731.61427814086,131760.13026076523
2021-01-29,251269.55911892,139064.0975392835,137731.61427814086,131760.13026076523
2021-01-30,250926.41937885756,139064.0975392835,137731.61427814086,131760.13026076523
2021-01-31,242468.1406249408,139064.0975392835,137731.61427814086,131760.13026076523
2021-02-01,245564.06365603994,139064.0975392835,137731.61427814086,131760.13026076523
2021-02-02,260011.48518484808,139064.0975392835,137731.61427814086,131760.13026076523
2021-02-03,274376.0749484465,139064.0975392835,137731.61427814086,131760.13026076523
2021-02-04,270378.0121706349,139064.0975392835,137731.61427814086,131760.13026076523
2021-02-05,279298.15810155653,139064.0975392835,137731.61427814086,131760.13026076523
2021-02-06,287511.4310195665,139064.0975392835,137731.61427814086,131760.13026076523
2021-02-07,284856.6386220409,137848.33181788903,136513.867834957,130543.02437353854
2021-02-08,338257.2136535408,163418.9385969484,161839.46237783704,154770.60388308036
2021-02-09,340341.39358009485,163378.71347163597,161783.5845813895,154655.7777092933
2021-02-10,328897.45300187566,157979.53272919805,156421.10544031428,149468.328133071
2021-02-11,350799.07555059274,168388.12948711074,166728.07908562757,159321.20059271908
2021-02-12,347837.4109124129,168275.74283849073,166600.2921230629,159135.9606548263
2021-02-13,344913.4152779558,168275.74283849073,166600.2921230629,159135.9606548263
2021-02-14,356715.0540798327,168275.74283849073,166600.2921230629,159135.9606548263
2021-02-15,351060.6706212447,168275.74283849073,166600.2921230629,159135.9606548263
2021-02-16,360248.58968265436,168275.74283849073,166600.2921230629,159135.9606548263
2021-02-17,381842.59633536654,168275.74283849073,166600.2921230629,159135.9606548263
2021-02-18,378406.9658196695,166802.4904522994,165125.21740293634,157663.9668037859
2021-02-19,409221.01172451314,180246.26008177092,178435.13307898713,170377.54725644505
2021-02-20,410768.815928354,180243.71441904758,178414.936993602,170290.72072673996
2021-02-21,421315.8223473152,180243.71441904758,178414.936993602,170290.72072673996
2021-02-22,396913.85889697465,169931.02074869748,168189.2164599737,160463.20697789744
2021-02-23,357499.52466837084,153237.73801484288,151665.30606023158,144691.7213690604
2021-02-24,363949.64795427205,153270.79699477184,151683.03867745612,144651.4132364395
2021-02-25,344828.00932114775,153270.79699477184,151683.03867745612,144651.4132364395
2021-02-26,339306.45414903556,153270.79699477184,151683.03867745612,144651.4132364395
2021-02-27,338198.55068722693,153270.79699477184,151683.03867745612,144651.4132364395
2021-02-28,330505.29307421617,153270.79699477184,151683.03867745612,144651.4132364395
2021-03-01,363407.1513759805,153270.79699477184,151683.03867745612,144651.4132364395
2021-03-02,354237.96670898114,153270.79699477184,151683.03867745612,144651.4132364395
2021-03-03,370048.33688273834,153270.79699477184,151683.03867745612,144651.4132364395
2021-03-04,355571.9127952553,153270.79699477184,151683.03867745612,144651.4132364395
2021-03-05,358252.8189364398,153270.79699477184,151683.03867745612,144651.4132364395
2021-03-06,358143.5588041536,153270.79699477184,151683.03867745612,144651.4132364395
2021-03-07,374942.8189814882,153270.79699477184,151683.03867745612,144651.4132364395
2021-03-08,382556.619880496,153270.79699477184,151683.03867745612,144651.4132364395
2021-03-09,401430.13504566654,153270.79699477184,151683.03867745612,144651.4132364395
2021-03-10,410102.7295512119,153270.79699477184,151683.03867745612,144651.4132364395
2021-03-11,423257.4778657063,153270.79699477184,151683.03867745612,144651.4132364395
2021-03-12,419793.87446797366,153270.79699477184,151683.03867745612,144651.4132364395
2021-03-13,448430.7549253045,153270.79699477184,151683.03867745612,144651.4132364395
2021-03-14,434220.15902354615,148516.66793323192,146963.1472114108,140093.06205839958
2021-03-15,409360.6187155313,140104.80255838245,138638.4217841243,132154.2489362355
2021-03-16,415933.73115557677,139940.2526704423,138461.88450363313,131933.66638532866
2021-03-17,431061.2255025448,139940.2526704423,138461.88450363313,131933.66638532866
2021-03-18,423651.4149866432,139940.2526704423,138461.88450363313,131933.66638532866
2021-03-19,427222.64819531655,139940.2526704423,138461.88450363313,131933.66638532866
2021-03-20,426980.96020635864,139940.2526704423,138461.88450363313,131933.66638532866
2021-03-21,421194.835342192,139940.2526704423,138461.88450363313,131933.66638532866
2021-03-22,399270.3024882494,139940.2526704423,138461.88450363313,131933.66638532866
2021-03-23,400806.4942277686,139940.2526704423,138461.88450363313,131933.66638532866
2021-03-24,386420.82469519245,139940.2526704423,138461.88450363313,131933.66638532866
2021-03-25,378585.35729743633,139940.2526704423,138461.88450363313,131933.66638532866
2021-03-26,403723.3965342657,139940.2526704423,138461.88450363313,131933.66638532866
2021-03-27,409846.16845524125,139940.2526704423,138461.88450363313,131933.66638532866
2021-03-28,409679.4752481824,139940.2526704423,138461.88450363313,131933.66638532866
2021-03-29,422855.3319337835,139940.2526704423,138461.88450363313,131933.66638532866
2021-03-30,431403.87900641636,139940.2526704423,138461.88450363313,131933.66638532866
2021-03-31,431412.2308280466,139940.2526704423,138461.88450363313,131933.66638532866
2021-04-01,432708.078878665,139940.2526704423,138461.88450363313,131933.66638532866
2021-04-02,434820.5463106722,139940.2526704423,138461.88450363313,131933.66638532866
2021-04-03,421784.0391969294,139940.2526704423,138461.88450363313,131933.66638532866
2021-04-04,430238.65687835077,139940.2526704423,138461.88450363313,131933.66638532866
2021-04-05,432430.35220733,139940.2526704423,138461.88450363313,131933.66638532866
2021-04-06,426092.89270705066,139940.2526704423,138461.88450363313,131933.66638532866
2021-04-07,410398.44696160656,139940.2526704423,138461.88450363313,131933.66638532866
2021-04-08,427056.4412244486,139940.2526704423,138461.88450363313,131933.66638532866
2021-04-09,426478.3635978418,139940.2526704423,138461.88450363313,131933.66638532866
2021-04-10,437814.73156937805,139940.2526704423,138461.88450363313,131933.66638532866
2021-04-11,440829.48175874207,139940.2526704423,138461.88450363313,131933.66638532866
2021-04-12,438548.5477876861,139940.2526704423,138461.88450363313,131933.66638532866
2021-04-13,464981.51980701,139940.2526704423,138461.88450363313,131933.66638532866
2021-04-14,462098.33941045153,139714.42232879958,138235.01187024912,131704.42476337907
2021-04-15,463594.3737610362,139825.85787082944,138345.27017588812,131809.48459673708
2021-04-16,450844.8890105115,139795.58353659287,138311.9019553575,131764.6785743585
2021-04-17,444335.73093062104,139795.58353659287,138311.9019553575,131764.6785743585
2021-04-18,411623.0471092079,139795.58353659287,138311.9019553575,131764.6785743585
2021-04-19,408021.152418385,139795.58353659287,138311.9019553575,131764.6785743585
2021-04-20,413503.72288884653,139795.58353659287,138311.9019553575,131764.6785743585
2021-04-21,394708.2057291065,139795.58353659287,138311.9019553575,131764.6785743585
2021-04-22,379010.87116864655,139795.58353659287,138311.9019553575,131764.6785743585
2021-04-23,374115.13057622634,139795.58353659287,138311.9019553575,131764.6785743585
2021-04-24,366479.7064677923,139795.58353659287,138311.9019553575,131764.6785743585
2021-04-25,358816.2522730648,139795.58353659287,138311.9019553575,131764.6785743585
2021-04-26,395555.1147649695,139795.58353659287,138311.9019553575,131764.6785743585
2021-04-27,402960.4633487673,139795.58353659287,138311.9019553575,131764.6785743585
2021-04-28,401434.4253649972,139795.58353659287,138311.9019553575,131764.6785743585
2021-04-29,392138.2758479405,139795.58353659287,138311.9019553575,131764.6785743585
2021-04-30,422855.1603210103,139795.58353659287,138311.9019553575,131764.6785743585
2021-05-01,423425.3723621776,139795.58353659287,138311.9019553575,131764.6785743585
2021-05-02,414660.9650229571,139795.58353659287,138311.9019553575,131764.6785743585
2021-05-03,418828.8386398744,139795.58353659287,138311.9019553575,131764.6785743585
2021-05-04,390515.90589413367,139795.58353659287,138311.9019553575,131764.6785743585
2021-05-05,420466.91116243124,139795.58353659287,138311.9019553575,131764.6785743585
2021-05-06,412943.46438852616,139795.58353659287,138311.9019553575,131764.6785743585
2021-05-07,419971.89411806513,139795.58353659287,138311.9019553575,131764.6785743585
2021-05-08,430569.78372428747,139795.58353659287,138311.9019553575,131764.6785743585
2021-05-09,426385.4638832695,139795.58353659287,138311.9019553575,131764.6785743585
2021-05-10,409013.53188168467,139795.58353659287,138311.9019553575,131764.6785743585
2021-05-11,415199.1140776604,139795.58353659287,138311.9019553575,131764.6785743585
2021-05-12,359887.3447950168,139795.58353659287,138311.9019553575,131764.6785743585
2021-05-13,364029.16187253274,139795.58353659287,138311.9019553575,131764.6785743585
2021-05-14,365232.5106383831,139795.58353659287,138311.9019553575,131764.6785743585
2021-05-15,342384.8726772658,139795.58353659287,138311.9019553575,131764.6785743585
2021-05-16,340157.9967297756,139795.58353659287,138311.9019553575,131764.6785743585
2021-05-17,318787.97334825026,139795.58353659287,138311.9019553575,131764.6785743585
2021-05-18,314188.8654343487,139795.58353659287,138311.9019553575,131764.6785743585
2021-05-19,270937.2409943158,139795.58353659287,138311.9019553575,131764.6785743585
2021-05-20,298617.1228217602,139795.58353659287,138311.9019553575,131764.6785743585
2021-05-21,273150.3593178192,139795.58353659287,138311.9019553575,131764.6785743585
2021-05-22,274848.6679237779,139795.58353659287,138311.9019553575,131764.6785743585
2021-05-23,254595.24305123792,139795.58353659287,138311.9019553575,131764.6785743585
2021-05-24,283410.80100762437,139795.58353659287,138311.9019553575,131764.6785743585
2021-05-25,281186.6422623769,139795.58353659287,138311.9019553575,131764.6785743585
2021-05-26,287717.82398149784,139795.58353659287,138311.9019553575,131764.6785743585
2021-05-27,281441.05819868227,139795.58353659287,138311.9019553575,131764.6785743585
2021-05-28,261383.04307058727,139795.58353659287,138311.9019553575,131764.6785743585
2021-05-29,253463.85724162642,139795.58353659287,138311.9019553575,131764.6785743585
2021-05-30,261240.4328560377,139795.58353659287,138311.9019553575,131764.6785743585
2021-05-31,273356.58066697733,139795.58353659287,138311.9019553575,131764.6785743585
2021-06-01,268612.34555118554,139795.58353659287,138311.9019553575,131764.6785743585
2021-06-02,275130.9137314745,139795.58353659287,138311.9019553575,131764.6785743585
2021-06-03,287092.2668209656,139795.58353659287,138311.9019553575,131764.6785743585
2021-06-04,270146.1919161374,139795.58353659287,138311.9019553575,131764.6785743585
2021-06-05,260316.58409351239,139795.58353659287,138311.9019553575,131764.6785743585
2021-06-06,262589.53807061334,139795.58353659287,138311.9019553575,131764.6785743585
2021-06-07,245736.36288035737,139795.58353659287,138311.9019553575,131764.6785743585
2021-06-08,245091.4706807085,139795.58353659287,138311.9019553575,131764.6785743585
2021-06-09,273446.3913516315,139795.58353659287,138311.9019553575,131764.6785743585
2021-06-10,268741.74158219685,139795.58353659287,138311.9019553575,131764.6785743585
2021-06-11,273367.8785078813,139795.58353659287,138311.9019553575,131764.6785743585
2021-06-12,260320.67419794088,139795.58353659287,138311.9019553575,131764.6785743585
2021-06-13,286280.1951780672,139795.58353659287,138311.9019553575,131764.6785743585
2021-06-14,294485.51670425106,139795.58353659287,138311.9019553575,131764.6785743585
2021-06-15,295860.5640497125,139795.58353659287,138311.9019553575,131764.6785743585
2021-06-16,280782.751600593,139795.58353659287,138311.9019553575,131764.6785743585
2021-06-17,278633.27301382704,139795.58353659287,138311.9019553575,131764.6785743585
2021-06-18,262039.40472391332,139795.58353659287,138311.9019553575,131764.6785743585
2021-06-19,260784.57212609565,139795.58353659287,138311.9019553575,131764.6785743585
2021-06-20,261388.1056473974,139795.58353659287,138311.9019553575,131764.6785743585
2021-06-21,231941.34161002672,139795.58353659287,138311.9019553575,131764.6785743585
2021-06-22,238011.15668939796,139795.58353659287,138311.9019553575,131764.6785743585
2021-06-23,246924.89574345262,139795.58353659287,138311.9019553575,131764.6785743585
2021-06-24,253803.39311345114,139795.58353659287,138311.9019553575,131764.6785743585
2021-06-25,231656.40720221624,139795.58353659287,138311.9019553575,131764.6785743585
2021-06-26,235672.5894286675,139795.58353659287,138311.9019553575,131764.6785743585
2021-06-27,253709.7211413994,139795.58353659287,138311.9019553575,131764.6785743585
2021-06-28,252133.20040017238,139795.58353659287,138311.9019553575,131764.6785743585
2021-06-29,262629.0662127127,139795.58353659287,138311.9019553575,131764.6785743585
2021-06-30,256574.08133716095,139795.58353659287,138311.9019553575,131764.6785743585
2021-07-01,245819.90969878883,139795.58353659287,138311.9019553575,131764.6785743585
2021-07-02,248199.0919825158,139795.58353659287,138311.9019553575,131764.6785743585
2021-07-03,253848.12684300498,139795.58353659287,138311.9019553575,131764.6785743585
2021-07-04,258382.2507201122,139795.58353659287,138311.9019553575,131764.6785743585
2021-07-05,247093.13346547043,139795.58353659287,138311.9019553575,131764.6785743585
2021-07-06,250675.0638703414,139795.58353659287,138311.9019553575,131764.6785743585
2021-07-07,247893.62124617616,139795.58353659287,138311.9019553575,131764.6785743585
2021-07-08,240732.87806848108,139795.58353659287,138311.9019553575,131764.6785743585
2021-07-09,247473.9422092556,139795.58353659287,138311.9019553575,131764.6785743585
2021-07-10,245442.10417853508,139795.58353659287,138311.9019553575,131764.6785743585
2021-07-11,250711.61739103825,139795.58353659287,138311.9019553575,131764.6785743585
2021-07-12,242771.92383567704,139795.58353659287,138311.9019553575,131764.6785743585
2021-07-13,239448.97140666627,139795.58353659287,138311.9019553575,131764.6785743585
2021-07-14,240329.98848120766,139795.58353659287,138311.9019553575,131764.6785743585
2021-07-15,232703.1164093059,139795.58353659287,138311.9019553575,131764.6785743585
2021-07-16,230073.06485325354,139795.58353659287,138311.9019553575,131764.6785743585
2021-07-17,230889.69853570688,139795.58353659287,138311.9019553575,131764.6785743585
2021-07-18,232820.85707280235,139795.58353659287,138311.9019553575,131764.6785743585
2021-07-19,225652.63443840755,139795.58353659287,138311.9019553575,131764.6785743585
2021-07-20,218253.72133360573,139795.58353659287,138311.9019553575,131764.6785743585
2021-07-21,235119.1525360828,139795.58353659287,138311.9019553575,131764.6785743585
2021-07-22,236601.2433488431,139795.58353659287,138311.9019553575,131764.6785743585
2021-07-23,245888.9838400117,139795.58353659287,138311.9019553575,131764.6785743585
2021-07-24,251094.25667107117,139795.58353659287,138311.9019553575,131764.6785743585
2021-07-25,258839.1983309514,139795.58353659287,138311.9019553575,131764.6785743585
2021-07-26,273390.84601736447,141707.59819231485,140200.19747790392,133550.53130309677
2021-07-27,288543.3386249655,143733.05361422803,142204.15629150462,135459.62940107225
2021-07-28,292855.8246054533,143827.255597248,142293.53310273698,135530.1981956024
2021-07-29,292947.4658263552,143827.255597248,142293.53310273698,135530.1981956024
2021-07-30,309254.7979892418,143827.255597248,142293.53310273698,135530.1981956024
2021-07-31,304793.0374981775,141905.24202965293,140377.94123038682,133652.03597227792
2021-08-01,292701.9737542575,136338.20060756998,134870.26475009788,128406.14412677946
2021-08-02,287042.32750395726,136110.18965223426,134631.3747284511,128127.89741714769
2021-08-03,279361.65482764965,136110.18965223426,134631.3747284511,128127.89741714769
2021-08-04,291036.9866284332,136110.18965223426,134631.3747284511,128127.89741714769
2021-08-05,299252.80513591267,136110.18965223426,134631.3747284511,128127.89741714769
2021-08-06,313508.6210034156,136110.18965223426,134631.3747284511,128127.89741714769
2021-08-07,326244.0335065359,141532.7067791997,139981.64351550682,133168.9591889139
2021-08-08,320696.1643758626,139148.17807962635,137623.02232980976,130924.27310488297
2021-08-09,339494.19852294313,139128.6929198372,137590.11672310642,130841.06247822157
2021-08-10,333780.2082277885,137061.63554520142,135532.32164183524,128832.48754819694
2021-08-11,333843.2187176908,137087.19975651076,135557.60314735485,128856.52894827722
2021-08-12,325310.3742138079,137037.41742944898,135494.9815800197,128746.04719620755
2021-08-13,349949.6209252603,137037.41742944898,135494.9815800197,128746.04719620755
2021-08-14,344850.6622072134,135011.37505383135,133478.32461234095,126778.83689947569
2021-08-15,344484.98398960085,134869.61041229483,133338.15561431105,126645.6496461519
2021-08-16,336851.50482592994,134792.84571825046,133249.05800475698,126510.83148704444
2021-08-17,327265.9017647013,134792.84571825046,133249.05800475698,126510.83148704444
2021-08-18,328040.7906400678,134792.84571825046,133249.05800475698,126510.83148704444
2021-08-19,342072.88065554365,134792.84571825046,133249.05800475698,126510.83148704444
2021-08-20,361268.5988024431,134792.84571825046,133249.05800475698,126510.83148704444
2021-08-21,358093.10464882554,134507.78836581143,132963.96831998453,126227.63690567698
2021-08-22,361140.289652329,134789.1796575121,133242.13682625844,126491.73880289991
2021-08-23,362784.08260066,134768.9106732859,133218.80524429315,126457.07455319368
2021-08-24,349311.10700034956,134768.9106732859,133218.80524429315,126457.07455319368
2021-08-25,358497.99638512,134768.9106732859,133218.80524429315,126457.07455319368
2021-08-26,343717.7318826429,134768.9106732859,133218.80524429315,126457.07455319368
2021-08-27,359214.67992823437,134768.9106732859,133218.80524429315,126457.07455319368
2021-08-28,358070.4803648888,134768.9106732859,133218.80524429315,126457.07455319368
2021-08-29,357539.110014728,134768.9106732859,133218.80524429315,126457.07455319368
2021-08-30,344543.4181388838,134768.9106732859,133218.80524429315,126457.07455319368
2021-08-31,345361.3246160718,134768.9106732859,133218.80524429315,126457.07455319368
2021-09-01,357665.016586017,134768.9106732859,133218.80524429315,126457.07455319368
2021-09-02,361184.73736059415,134768.9106732859,133218.80524429315,126457.07455319368
2021-09-03,366293.0489747817,134768.9106732859,133218.80524429315,126457.07455319368
2021-09-04,365701.78576676553,134768.9106732859,133218.80524429315,126457.07455319368
2021-09-05,378945.97293823876,134768.9106732859,133218.80524429315,126457.07455319368
2021-09-06,385390.37579836586,135326.10494854822,133766.29253931827,126964.25024403782
2021-09-07,342757.8730398693,131573.53795834226,130056.8873913734,123443.1218081426
2021-09-08,337487.84498904645,131584.25788073547,130064.50065715569,123439.02092414367
2021-09-09,339684.71730335127,131584.25788073547,130064.50065715569,123439.02092414367
2021-09-10,328646.4979231637,131584.25788073547,130064.50065715569,123439.02092414367
2021-09-11,330971.6221833249,131584.25788073547,130064.50065715569,123439.02092414367
2021-09-12,337281.9382633059,131584.25788073547,130064.50065715569,123439.02092414367
2021-09-13,329226.1486668584,131584.25788073547,130064.50065715569,123439.02092414367
2021-09-14,344818.05578030075,131584.25788073547,130064.50065715569,123439.02092414367
2021-09-15,352754.20267168194,131584.25788073547,130064.50065715569,123439.02092414367
2021-09-16,349876.68549663987,131584.25788073547,130064.50065715569,123439.02092414367
2021-09-17,346099.6313686126,131584.25788073547,130064.50065715569,123439.02092414367
2021-09-18,353501.1758692705,131584.25788073547,130064.50065715569,123439.02092414367
2021-09-19,346046.1739897531,131584.25788073547,130064.50065715569,123439.02092414367
2021-09-20,313708.52128209325,131584.25788073547,130064.50065715569,123439.02092414367
2021-09-21,297964.994283507,131584.25788073547,130064.50065715569,123439.02092414367
2021-09-22,319058.8641107852,131584.25788073547,130064.50065715569,123439.02092414367
2021-09-23,328728.41442024946,131584.25788073547,130064.50065715569,123439.02092414367
2021-09-24,313678.8608744543,131584.25788073547,130064.50065715569,123439.02092414367
2021-09-25,312777.09295541723,131584.25788073547,130064.50065715569,123439.02092414367
2021-09-26,316379.1878611421,131584.25788073547,130064.50065715569,123439.02092414367
2021-09-27,309256.1422892987,131584.25788073547,130064.50065715569,123439.02092414367
2021-09-28,300460.8732530266,131584.25788073547,130064.50065715569,123439.02092414367
2021-09-29,304340.2944002823,131584.25788073547,130064.50065715569,123439.02092414367
2021-09-30,320643.27903958055,131584.25788073547,130064.50065715569,123439.02092414367
2021-10-01,352319.22149581555,131584.25788073547,130064.50065715569,123439.02092414367
2021-10-02,349350.4349275469,131584.25788073547,130064.50065715569,123439.02092414367
2021-10-03,352927.04533644795,131584.25788073547,130064.50065715569,123439.02092414367
2021-10-04,359611.7918854759,131584.25788073547,130064.50065715569,123439.02092414367
2021-10-05,377198.9263046843,131584.25788073547,130064.50065715569,123439.02092414367
2021-10-06,405364.5580867407,134033.85488713108,132482.58824312172,125721.71745310252
2021-10-07,393975.21897253575,133050.50694107587,131510.59765978134,124799.24002575829
2021-10-08,395160.40538655315,133048.07943364623,131504.83616038947,124781.00894761193
2021-10-09,402485.29618183745,133048.07943364623,131504.83616038947,124781.00894761193
2021-10-10,401045.43641235493,133048.07943364623,131504.83616038947,124781.00894761193
2021-10-11,420911.96028766024,133048.07943364623,131504.83616038947,124781.00894761193
2021-10-12,410340.7564676743,129643.65693334278,128126.87353205726,121526.31174241034
2021-10-13,420299.15967660426,132759.97835140326,131207.048302333,124448.99752942745
2021-10-14,419716.5057093782,132695.21199651604,131130.03955835564,124326.60919117487
2021-10-15,450999.8267426044,132695.21199651604,131130.03955835564,124326.60919117487
2021-10-16,445861.36848458694,131165.24493768363,129605.13367745183,122831.57433531997
2021-10-17,450704.50976201385,132575.96619349238,130999.21513145993,124153.32654935782
2021-10-18,454163.9372489314,132565.70203997285,130976.09968712764,124082.21315321141
2021-10-19,470535.6242017771,132565.70203997285,130976.09968712764,124082.21315321141
2021-10-20,483209.1130958923,133437.87701958814,131834.57357218285,124883.21307254604
2021-10-21,455511.8983783522,131506.5760088447,129926.43089412642,123075.50489471116
2021-10-22,444397.56873323966,131520.72827005718,129937.27390097298,123073.87996562122
2021-10-23,449532.9665634678,131520.72827005718,129937.27390097298,123073.87996562122
2021-10-24,446144.41515189194,131520.72827005718,129937.27390097298,123073.87996562122
2021-10-25,461586.7331313403,131520.72827005718,129937.27390097298,123073.87996562122
2021-10-26,441992.4443186269,131520.72827005718,129937.27390097298,123073.87996562122
2021-10-27,428216.5149693174,131520.72827005718,129937.27390097298,123073.87996562122
2021-10-28,443884.07471362303,131520.72827005718,129937.27390097298,123073.87996562122
2021-10-29,455642.18107535853,131520.72827005718,129937.27390097298,123073.87996562122
2021-10-30,453159.00145105756,131520.72827005718,129937.27390097298,123073.87996562122
2021-10-31,448986.29407436104,131520.72827005718,129937.27390097298,123073.87996562122
2021-11-01,446683.1076470437,131520.72827005718,129937.27390097298,123073.87996562122
2021-11-02,462952.88521472295,131520.72827005718,129937.27390097298,123073.87996562122
2021-11-03,461075.81330332207,131520.72827005718,129937.27390097298,123073.87996562122
2021-11-04,449962.1415071735,131520.72827005718,129937.27390097298,123073.87996562122
2021-11-05,447571.06073783623,131520.72827005718,129937.27390097298,123073.87996562122
2021-11-06,450513.1329177396,131520.72827005718,129937.27390097298,123073.87996562122
2021-11-07,463689.3900331448,131520.72827005718,129937.27390097298,123073.87996562122
2021-11-08,494734.1121073312,131520.72827005718,129937.27390097298,123073.87996562122
2021-11-09,490377.43583773816,131242.31286100508,129658.99536266921,122798.11909753611
2021-11-10,475904.5012099773,130290.0559075697,128718.20318329067,121907.02033671654
2021-11-11,475573.03113849415,130282.18393130797,128707.33321167213,121885.0068941539
2021-11-12,469759.1050050651,130282.18393130797,128707.33321167213,121885.0068941539
2021-11-13,472055.22670655145,130282.18393130797,128707.33321167213,121885.0068941539
2021-11-14,479357.69343280105,130282.18393130797,128707.33321167213,121885.0068941539
2021-11-15,465379.9474621795,130282.18393130797,128707.33321167213,121885.0068941539
2021-11-16,440509.3667324206,130282.18393130797,128707.33321167213,121885.0068941539
2021-11-17,442023.33461780724,130282.18393130797,128707.33321167213,121885.0068941539
2021-11-18,416938.5811470641,130282.18393130797,128707.33321167213,121885.0068941539
2021-11-19,425559.97784193075,130282.18393130797,128707.33321167213,121885.0068941539
2021-11-20,437111.5196289617,130282.18393130797,128707.33321167213,121885.0068941539
2021-11-21,430033.0647760278,130282.18393130797,128707.33321167213,121885.0068941539
2021-11-22,412158.335951024,130282.18393130797,128707.33321167213,121885.0068941539
2021-11-23,421529.10842230445,130282.18393130797,128707.33321167213,121885.0068941539
2021-11-24,412093.43772061623,130282.18393130797,128707.33321167213,121885.0068941539
2021-11-25,419373.50897996017,130282.18393130797,128707.33321167213,121885.0068941539
2021-11-26,392245.59103546356,130282.18393130797,128707.33321167213,121885.0068941539
2021-11-27,401363.94971945963,130282.18393130797,128707.33321167213,121885.0068941539
2021-11-28,419181.50288885075,130282.18393130797,128707.33321167213,121885.0068941539
2021-11-29,423268.06065338844,130282.18393130797,128707.33321167213,121885.0068941539
2021-11-30,417401.99283902795,130282.18393130797,128707.33321167213,121885.0068941539
2021-12-01,419045.09933626617,130282.18393130797,128707.33321167213,121885.0068941539
2021-12-02,413538.7604967131,130282.18393130797,128707.33321167213,121885.0068941539
2021-12-03,392454.12915706023,130282.18393130797,128707.33321167213,121885.0068941539
2021-12-04,360254.68193610385,130282.18393130797,128707.33321167213,121885.0068941539
2021-12-05,361485.8605733454,130282.18393130797,128707.33321167213,121885.0068941539
2021-12-06,370373.31427096785,130282.18393130797,128707.33321167213,121885.0068941539
2021-12-07,371233.3802861114,130282.18393130797,128707.33321167213,121885.0068941539
2021-12-08,369803.44545534695,130282.18393130797,128707.33321167213,121885.0068941539
2021-12-09,349062.1826727874,130282.18393130797,128707.33321167213,121885.0068941539
2021-12-10,345922.3267717428,130282.18393130797,128707.33321167213,121885.0068941539
2021-12-11,361439.4393181882,130282.18393130797,128707.33321167213,121885.0068941539
2021-12-12,366827.2795378296,130282.18393130797,128707.33321167213,121885.0068941539
2021-12-13,342218.6085021401,130282.18393130797,128707.33321167213,121885.0068941539
2021-12-14,341304.455861302,130282.18393130797,128707.33321167213,121885.0068941539
2021-12-15,358028.89286951075,130282.18393130797,128707.33321167213,121885.0068941539
2021-12-16,349013.15862390294,130282.18393130797,128707.33321167213,121885.0068941539
2021-12-17,338298.8011489189,130282.18393130797,128707.33321167213,121885.0068941539
2021-12-18,343033.54035792564,130282.18393130797,128707.33321167213,121885.0068941539
2021-12-19,341995.5404990771,130282.18393130797,128707.33321167213,121885.0068941539
2021-12-20,343264.1879251394,130282.18393130797,128707.33321167213,121885.0068941539
2021-12-21,358320.9778095389,130282.18393130797,128707.33321167213,121885.0068941539
2021-12-22,356065.01349698706,130282.18393130797,128707.33321167213,121885.0068941539
2021-12-23,371851.75831229705,130282.18393130797,128707.33321167213,121885.0068941539
2021-12-24,372127.4828346111,130282.18393130797,128707.33321167213,121885.0068941539
2021-12-25,369254.74221509043,130282.18393130797,128707.33321167213,121885.0068941539
2021-12-26,372034.64032429666,130282.18393130797,128707.33321167213,121885.0068941539
2021-12-27,370796.48276761064,130282.18393130797,128707.33321167213,121885.0068941539
2021-12-28,348452.49969377846,130282.18393130797,128707.33321167213,121885.0068941539
2021-12-29,340074.9075454061,130282.18393130797,128707.33321167213,121885.0068941539
2021-12-30,345445.0716494054,130282.18393130797,128707.33321167213,121885.0068941539
2021-12-31,339062.5065918969,130282.18393130797,128707.33321167213,121885.0068941539
2022-01-01,349169.7552794703,130282.18393130797,128707.33321167213,121885.0068941539
2022-01-02,346668.5563139807,130282.18393130797,128707.33321167213,121885.0068941539
2022-01-03,340173.07005169045,130282.18393130797,128707.33321167213,121885.0068941539
2022-01-04,336068.69316086627,130282.18393130797,128707.33321167213,121885.0068941539
2022-01-05,319018.5637112063,130282.18393130797,128707.33321167213,121885.0068941539
2022-01-06,316030.5851144653,130282.18393130797,128707.33321167213,121885.0068941539
2022-01-07,304292.9864791301,130282.18393130797,128707.33321167213,121885.0068941539
2022-01-08,305581.9700188195,130282.18393130797,128707.33321167213,121885.0068941539
2022-01-09,306882.8234419902,130282.18393130797,128707.33321167213,121885.0068941539
2022-01-10,306221.3420075963,130282.18393130797,128707.33321167213,121885.0068941539
2022-01-11,312918.13005287887,130282.18393130797,128707.33321167213,121885.0068941539
2022-01-12,321801.6938609749,130282.18393130797,128707.33321167213,121885.0068941539
2022-01-13,311861.6532187799,130282.18393130797,128707.33321167213,121885.0068941539
2022-01-14,315582.2467444163,130282.18393130797,128707.33321167213,121885.0068941539
2022-01-15,316151.17168978445,130282.18393130797,128707.33321167213,121885.0068941539
2022-01-16,315686.07247221714,130282.18393130797,128707.33321167213,121885.0068941539
2022-01-17,309364.6587662343,130282.18393130797,128707.33321167213,121885.0068941539
2022-01-18,310280.52753480466,130282.18393130797,128707.33321167213,121885.0068941539
2022-01-19,305658.0230794868,130282.18393130797,128707.33321167213,121885.0068941539
2022-01-20,297867.9186581197,130282.18393130797,128707.33321167213,121885.0068941539
2022-01-21,266945.75670614454,130282.18393130797,128707.33321167213,121885.0068941539
2022-01-22,256496.56956792125,130282.18393130797,128707.33321167213,121885.0068941539
2022-01-23,265624.02372889814,130282.18393130797,128707.33321167213,121885.0068941539
2022-01-24,268388.3050757409,130282.18393130797,128707.33321167213,121885.0068941539
2022-01-25,270582.5745963185,130282.18393130797,128707.33321167213,121885.0068941539
2022-01-26,269836.57387111156,130282.18393130797,128707.33321167213,121885.0068941539
2022-01-27,271931.5368002498,130282.18393130797,128707.33321167213,121885.0068941539
2022-01-28,276662.3575176012,130282.18393130797,128707.33321167213,121885.0068941539
2022-01-29,279253.28136135836,130282.18393130797,128707.33321167213,121885.0068941539
2022-01-30,277638.1763482847,130282.18393130797,128707.33321167213,121885.0068941539
2022-01-31,281779.0209534191,130282.18393130797,128707.33321167213,121885.0068941539
2022-02-01,283683.86553195346,130282.18393130797,128707.33321167213,121885.0068941539
2022-02-02,270575.1094406832,130282.18393130797,128707.33321167213,121885.0068941539
2022-02-03,272051.37972021825,130282.18393130797,128707.33321167213,121885.0068941539
2022-02-04,303875.423999746,130282.18393130797,128707.33321167213,121885.0068941539
2022-02-05,303438.2118578277,130282.18393130797,128707.33321167213,121885.0068941539
2022-02-06,310549.98819089605,130282.18393130797,128707.33321167213,121885.0068941539
2022-02-07,321004.9243570224,130282.18393130797,128707.33321167213,121885.0068941539
2022-02-08,323041.6533517798,130476.20552989285,128895.82292720923,122051.43485792025
2022-02-09,324655.09944137896,130638.27566621797,129055.93396012421,122203.05896405084
2022-02-10,318990.07599085104,130644.89810309494,129059.25396159185,122193.99667936965
2022-02-11,310517.0671405658,130644.89810309494,129059.25396159185,122193.99667936965
2022-02-12,309320.12525158253,130644.89810309494,129059.25396159185,122193.99667936965
2022-02-13,308976.3276625561,130644.89810309494,129059.25396159185,122193.99667936965
2022-02-14,311827.58808329486,130644.89810309494,129059.25396159185,122193.99667936965
2022-02-15,326386.1002806369,130644.89810309494,129059.25396159185,122193.99667936965
2022-02-16,321895.10841386684,130644.89810309494,129059.25396159185,122193.99667936965
2022-02-17,296825.1994480075,130644.89810309494,129059.25396159185,122193.99667936965
2022-02-18,293112.61451845494,130644.89810309494,129059.25396159185,122193.99667936965
2022-02-19,293780.24541055603,130644.89810309494,129059.25396159185,122193.99667936965
2022-02-20,281400.1285522682,130644.89810309494,129059.25396159185,122193.99667936965
2022-02-21,271470.58489136875,130644.89810309494,129059.25396159185,122193.99667936965
2022-02-22,280335.8433369875,130644.89810309494,129059.25396159185,122193.99667936965
2022-02-23,273090.8954918969,130644.89810309494,129059.25396159185,122193.99667936965
2022-02-24,280676.92372377124,130644.89810309494,129059.25396159185,122193.99667936965
2022-02-25,287132.1953928692,130644.89810309494,129059.25396159185,122193.99667936965
2022-02-26,286333.56675054005,130644.89810309494,129059.25396159185,122193.99667936965
2022-02-27,276116.51449023176,130644.89810309494,129059.25396159185,122193.99667936965
2022-02-28,316267.1247202265,130644.89810309494,129059.25396159185,122193.99667936965
2022-03-01,324771.08107394987,130644.89810309494,129059.25396159185,122193.99667936965
2022-03-02,321618.75464471756,130644.89810309494,129059.25396159185,122193.99667936965
2022-03-03,310838.1546392689,130644.89810309494,129059.25396159185,122193.99667936965
2022-03-04,286571.22183932713,130644.89810309494,129059.25396159185,122193.99667936965
2022-03-05,288496.80296129285,130644.89810309494,129059.25396159185,122193.99667936965
2022-03-06,281316.69614235224,130644.89810309494,129059.25396159185,122193.99667936965
2022-03-07,278695.76866540965,130644.89810309494,129059.25396159185,122193.99667936965
2022-03-08,283639.90405987913,130644.89810309494,129059.25396159185,122193.99667936965
2022-03-09,307405.06971304124,130644.89810309494,129059.25396159185,122193.99667936965
2022-03-10,288766.8070578327,130644.89810309494,129059.25396159185,122193.99667936965
2022-03-11,284062.4147075579,130644.89810309494,129059.25396159185,122193.99667936965
2022-03-12,284860.81453285605,130644.89810309494,129059.25396159185,122193.99667936965
2022-03-13,277140.72812296456,130644.89810309494,129059.25396159185,122193.99667936965
2022-03-14,290445.72342041705,130644.89810309494,129059.25396159185,122193.99667936965
2022-03-15,288044.28868042864,130644.89810309494,129059.25396159185,122193.99667936965
2022-03-16,301261.81866779434,130644.89810309494,129059.25396159185,122193.99667936965
2022-03-17,299851.93392936833,130644.89810309494,129059.25396159185,122193.99667936965
2022-03-18,306074.12685029855,130644.89810309494,129059.25396159185,122193.99667936965
2022-03-19,308926.07372213015,130644.89810309494,129059.25396159185,122193.99667936965
2022-03-20,302022.54948936973,130644.89810309494,129059.25396159185,122193.99667936965
2022-03-21,300779.0433345849,130644.89810309494,129059.25396159185,122193.99667936965
2022-03-22,310157.33816575835,130644.89810309494,129059.25396159185,122193.99667936965
2022-03-23,314068.45047180285,130644.89810309494,129059.25396159185,122193.99667936965
2022-03-24,321888.3297093244,130644.89810309494,129059.25396159185,122193.99667936965
2022-03-25,324727.8346550973,131775.21327458235,130163.07252085458,123190.70523581494
2022-03-26,325841.5157469378,132222.70320180428,130605.13123880785,123609.24881061156
2022-03-27,342826.4323427725,132236.02320143575,130605.35447522477,123560.47209154042
2022-03-28,345078.0777338648,133092.0484774299,131437.89336869624,124299.17228107929
2022-03-29,347550.96059177234,134036.35767439194,132370.55781532417,125181.52859634202
2022-03-30,344599.6499242437,134011.6626421875,132333.06163013628,125096.45993796668
2022-03-31,333440.78676447924,134011.6626421875,132333.06163013628,125096.45993796668
2022-04-01,338880.9116756965,134011.6626421875,132333.06163013628,125096.45993796668
2022-04-02,335859.09676050144,134011.6626421875,132333.06163013628,125096.45993796668
2022-04-03,340139.74857155606,134011.6626421875,132333.06163013628,125096.45993796668
2022-04-04,341377.9919346287,134011.6626421875,132333.06163013628,125096.45993796668
2022-04-05,333567.5800017633,134011.6626421875,132333.06163013628,125096.45993796668
2022-04-06,316366.00227973267,134011.6626421875,132333.06163013628,125096.45993796668
2022-04-07,318541.48020164215,134011.6626421875,132333.06163013628,125096.45993796668
2022-04-08,309636.4075926353,134011.6626421875,132333.06163013628,125096.45993796668
2022-04-09,313257.00807573955,134011.6626421875,132333.06163013628,125096.45993796668
2022-04-10,309050.69319762004,134011.6626421875,132333.06163013628,125096.45993796668
2022-04-11,289385.0992776318,134011.6626421875,132333.06163013628,125096.45993796668
2022-04-12,293817.05635041266,134011.6626421875,132333.06163013628,125096.45993796668
2022-04-13,301428.7692940129,134011.6626421875,132333.06163013628,125096.45993796668
2022-04-14,292413.63569311146,134011.6626421875,132333.06163013628,125096.45993796668
2022-04-15,296938.3494698202,134011.6626421875,132333.06163013628,125096.45993796668
2022-04-16,295993.9357766368,134011.6626421875,132333.06163013628,125096.45993796668
2022-04-17,290813.28937853506,134011.6626421875,132333.06163013628,125096.45993796668
2022-04-18,298935.4645160917,134011.6626421875,132333.06163013628,125096.45993796668
2022-04-19,303889.15302160394,134011.6626421875,132333.06163013628,125096.45993796668
2022-04-20,302949.20126052445,134011.6626421875,132333.06163013628,125096.45993796668
2022-04-21,296747.23004470585,134011.6626421875,132333.06163013628,125096.45993796668
2022-04-22,290984.3873134399,134011.6626421875,132333.06163013628,125096.45993796668
2022-04-23,289127.5657092795,134011.6626421875,132333.06163013628,125096.45993796668
2022-04-24,288999.88580600044,134011.6626421875,132333.06163013628,125096.45993796668
2022-04-25,296241.60161052865,134011.6626421875,132333.06163013628,125096.45993796668
2022-04-26,279101.5756698279,134011.6626421875,132333.06163013628,125096.45993796668
2022-04-27,287329.17825440207,134011.6626421875,132333.06163013628,125096.45993796668
2022-04-28,291229.7363748932,134011.6626421875,132333.06163013628,125096.45993796668
2022-04-29,282706.73100334196,134011.6626421875,132333.06163013628,125096.45993796668
2022-04-30,276153.78306415037,134011.6626421875,132333.06163013628,125096.45993796668
2022-05-01,281676.28210651537,134011.6626421875,132333.06163013628,125096.45993796668
2022-05-02,282117.32693370234,134011.6626421875,132333.06163013628,125096.45993796668
2022-05-03,276414.29125390516,134011.6626421875,132333.06163013628,125096.45993796668
2022-05-04,290677.2290514969,134011.6626421875,132333.06163013628,125096.45993796668
2022-05-05,267808.482719273,134011.6626421875,132333.06163013628,125096.45993796668
2022-05-06,263896.8555749089,134011.6626421875,132333.06163013628,125096.45993796668
2022-05-07,259950.44824183788,134011.6626421875,132333.06163013628,125096.45993796668
2022-05-08,249386.88119026044,134011.6626421875,132333.06163013628,125096.45993796668
2022-05-09,221838.683564137,134011.6626421875,132333.06163013628,125096.45993796668
2022-05-10,227154.2176019932,134011.6626421875,132333.06163013628,125096.45993796668
2022-05-11,211876.19025077845,134011.6626421875,132333.06163013628,125096.45993796668
2022-05-12,212691.85146085016,134011.6626421875,132333.06163013628,125096.45993796668
2022-05-13,214415.129725313,134011.6626421875,132333.06163013628,125096.45993796668
2022-05-14,220405.83131622776,134011.6626421875,132333.06163013628,125096.45993796668
2022-05-15,229220.57840226078,134011.6626421875,132333.06163013628,125096.45993796668
2022-05-16,218660.61521892104,134011.6626421875,132333.06163013628,125096.45993796668
2022-05-17,222782.53951580744,134011.6626421875,132333.06163013628,125096.45993796668
2022-05-18,210293.9919869706,134011.6626421875,132333.06163013628,125096.45993796668
2022-05-19,221965.94873654743,134011.6626421875,132333.06163013628,125096.45993796668
2022-05-20,213812.0538380732,134011.6626421875,132333.06163013628,125096.45993796668
2022-05-21,215507.03029601843,134011.6626421875,132333.06163013628,125096.45993796668
2022-05-22,222034.69395328828,134011.6626421875,132333.06163013628,125096.45993796668
2022-05-23,213066.43924160596,134011.6626421875,132333.06163013628,125096.45993796668
2022-05-24,217142.5000248481,134011.6626421875,132333.06163013628,125096.45993796668
2022-05-25,216459.89591828317,134011.6626421875,132333.06163013628,125096.45993796668
2022-05-26,214298.8620714534,134011.6626421875,132333.06163013628,125096.45993796668
2022-05-27,209615.24916780315,134011.6626421875,132333.06163013628,125096.45993796668
2022-05-28,210986.87855886458,134011.6626421875,132333.06163013628,125096.45993796668
2022-05-29,215607.5667789991,134011.6626421875,132333.06163013628,125096.45993796668
2022-05-30,232305.23219458488,134011.6626421875,132333.06163013628,125096.45993796668
2022-05-31,232787.90742034325,134011.6626421875,132333.06163013628,125096.45993796668
2022-06-01,218193.18492785076,134011.6626421875,132333.06163013628,125096.45993796668
2022-06-02,223087.36670424748,134011.6626421875,132333.06163013628,125096.45993796668
2022-06-03,217499.8550229593,134011.6626421875,132333.06163013628,125096.45993796668
2022-06-04,218440.92226706483,134011.6626421875,132333.06163013628,125096.45993796668
2022-06-05,218980.9161590802,134011.6626421875,132333.06163013628,125096.45993796668
2022-06-06,229700.60793109864,134011.6626421875,132333.06163013628,125096.45993796668
2022-06-07,228124.93095267325,134011.6626421875,132333.06163013628,125096.45993796668
2022-06-08,221233.89154916495,134011.6626421875,132333.06163013628,125096.45993796668
2022-06-09,220484.41566530018,134011.6626421875,132333.06163013628,125096.45993796668
2022-06-10,212955.8348092628,134011.6626421875,132333.06163013628,125096.45993796668
2022-06-11,207661.9668840262,134011.6626421875,132333.06163013628,125096.45993796668
2022-06-12,195959.99220019946,134011.6626421875,132333.06163013628,125096.45993796668
2022-06-13,164655.92032247756,134011.6626421875,132333.06163013628,125096.45993796668
2022-06-14,162601.3579003692,134011.6626421875,132333.06163013628,125096.45993796668
2022-06-15,165281.6061925897,134011.6626421875,132333.06163013628,125096.45993796668
2022-06-16,149237.39931424966,134011.6626421875,132333.06163013628,125096.45993796668
2022-06-17,149895.16247189036,134011.6626421875,132333.06163013628,125096.45993796668
2022-06-18,139249.93634238694,134011.6626421875,132333.06163013628,125096.45993796668
2022-06-19,150494.03384618618,134011.6626421875,132333.06163013628,125096.45993796668
2022-06-20,150832.79746053138,134011.6626421875,132333.06163013628,125096.45993796668
2022-06-21,151645.9988875202,134011.6626421875,132333.06163013628,125096.45993796668
2022-06-22,146347.92644933957,134011.6626421875,132333.06163013628,125096.45993796668
2022-06-23,154393.84831132673,134011.6626421875,132333.06163013628,125096.45993796668
2022-06-24,155461.2654597188,134011.6626421875,132333.06163013628,125096.45993796668
2022-06-25,157443.23567875318,134011.6626421875,132333.06163013628,125096.45993796668
2022-06-26,153964.90218465208,134011.6626421875,132333.06163013628,125096.45993796668
2022-06-27,151828.18014736247,134011.6626421875,132333.06163013628,125096.45993796668
2022-06-28,148497.74826165198,134011.6626421875,132333.06163013628,125096.45993796668
2022-06-29,147204.57451008307,134011.6626421875,132333.06163013628,125096.45993796668
2022-06-30,144866.63649618774,134011.6626421875,132333.06163013628,125096.45993796668
2022-07-01,141093.10043001155,134011.6626421875,132333.06163013628,125096.45993796668
2022-07-02,140894.5873545841,134011.6626421875,132333.06163013628,125096.45993796668
2022-07-03,141295.98963115623,134011.6626421875,132333.06163013628,125096.45993796668
2022-07-04,148136.2316537901,134011.6626421875,132333.06163013628,125096.45993796668
2022-07-05,147834.95112933003,134011.6626421875,132333.06163013628,125096.45993796668
2022-07-06,150457.23720739398,134011.6626421875,132333.06163013628,125096.45993796668
2022-07-07,158433.55578877413,134011.6626421875,132333.06163013628,125096.45993796668
2022-07-08,159118.390861391,134011.6626421875,132333.06163013628,125096.45993796668
2022-07-09,158101.27055661817,134011.6626421875,132333.06163013628,125096.45993796668
2022-07-10,152743.23375526,134011.6626421875,132333.06163013628,125096.45993796668
2022-07-11,146227.3112718916,134011.6626421875,132333.06163013628,125096.45993796668
2022-07-12,141492.50055756274,134011.6626421875,132333.06163013628,125096.45993796668
2022-07-13,147995.73799677697,134011.6626421875,132333.06163013628,125096.45993796668
2022-07-14,150615.93611943335,134011.6626421875,132333.06163013628,125096.45993796668
2022-07-15,152566.61560948312,134011.6626421875,132333.06163013628,125096.45993796668
2022-07-16,155158.56912987962,134011.6626421875,132333.06163013628,125096.45993796668
2022-07-17,152149.36775351656,134011.6626421875,132333.06163013628,125096.45993796668
2022-07-18,164643.47839641877,134011.6626421875,132333.06163013628,125096.45993796668
2022-07-19,171260.82402876287,139449.25317038936,137689.45150011688,130110.43801918262
2022-07-20,170106.11318305726,138518.77432851214,136770.62763434305,129241.85981583023
2022-07-21,169614.77151225103,138527.44034400687,136765.64860083736,129185.96801918076
2022-07-22,166322.36615687422,138527.44034400687,136765.64860083736,129185.96801918076
2022-07-23,164495.49098164152,138527.44034400687,136765.64860083736,129185.96801918076
2022-07-24,165547.57738895883,138527.44034400687,136765.64860083736,129185.96801918076
2022-07-25,156413.47323301947,138527.44034400687,136765.64860083736,129185.96801918076
2022-07-26,155520.55767286787,138527.44034400687,136765.64860083736,129185.96801918076
2022-07-27,167900.8032407356,138527.44034400687,136765.64860083736,129185.96801918076
2022-07-28,174588.39570158627,138527.44034400687,136765.64860083736,129185.96801918076
2022-07-29,174300.9729085641,138527.44034400687,136765.64860083736,129185.96801918076
2022-07-30,173214.17781786207,138527.44034400687,136765.64860083736,129185.96801918076
2022-07-31,170876.13969651566,138527.44034400687,136765.64860083736,129185.96801918076
2022-08-01,170709.94702671215,138527.44034400687,136765.64860083736,129185.96801918076
2022-08-02,168249.1056650592,138527.44034400687,136765.64860083736,129185.96801918076
2022-08-03,167285.4427391458,138527.44034400687,136765.64860083736,129185.96801918076
2022-08-04,165707.14866592878,138527.44034400687,136765.64860083736,129185.96801918076
2022-08-05,170527.73716474103,138527.44034400687,136765.64860083736,129185.96801918076
2022-08-06,168125.81618856182,138527.44034400687,136765.64860083736,129185.96801918076
2022-08-07,169697.2314497854,138527.44034400687,136765.64860083736,129185.96801918076
2022-08-08,174336.51105368597,138527.44034400687,136765.64860083736,129185.96801918076
2022-08-09,169612.4976430058,138527.44034400687,136765.64860083736,129185.96801918076
2022-08-10,175348.11114758678,138527.44034400687,136765.64860083736,129185.96801918076
2022-08-11,175420.50313575866,138527.44034400687,136765.64860083736,129185.96801918076
2022-08-12,178680.97421425127,138527.44034400687,136765.64860083736,129185.96801918076
2022-08-13,178836.56979530814,138527.44034400687,136765.64860083736,129185.96801918076
2022-08-14,178069.68951602554,138527.44034400687,136765.64860083736,129185.96801918076
2022-08-15,176734.41343075887,138527.44034400687,136765.64860083736,129185.96801918076
2022-08-16,174876.91967657,138527.44034400687,136765.64860083736,129185.96801918076
2022-08-17,170869.5612068754,138527.44034400687,136765.64860083736,129185.96801918076
2022-08-18,169967.03533142322,138527.44034400687,136765.64860083736,129185.96801918076
2022-08-19,152868.46817652063,138527.44034400687,136765.64860083736,129185.96801918076
2022-08-20,154980.96421065668,138527.44034400687,136765.64860083736,129185.96801918076
2022-08-21,157675.95690031006,138527.44034400687,136765.64860083736,129185.96801918076
2022-08-22,156685.90851051337,138527.44034400687,136765.64860083736,129185.96801918076
2022-08-23,157631.7809122692,138527.44034400687,136765.64860083736,129185.96801918076
2022-08-24,156657.43509122255,138527.44034400687,136765.64860083736,129185.96801918076
2022-08-25,158164.9531965489,138527.44034400687,136765.64860083736,129185.96801918076
2022-08-26,148346.8005265366,138527.44034400687,136765.64860083736,129185.96801918076
2022-08-27,146748.5135652389,138527.44034400687,136765.64860083736,129185.96801918076
2022-08-28,143637.159685614,138527.44034400687,136765.64860083736,129185.96801918076
2022-08-29,148624.8561223536,138527.44034400687,136765.64860083736,129185.96801918076
2022-08-30,144955.10288078498,138527.44034400687,136765.64860083736,129185.96801918076
2022-08-31,146807.2766390039,138527.44034400687,136765.64860083736,129185.96801918076
2022-09-01,147373.8419087402,138527.44034400687,136765.64860083736,129185.96801918076
2022-09-02,146221.56224398862,138527.44034400687,136765.64860083736,129185.96801918076
2022-09-03,145213.42300768115,138527.44034400687,136765.64860083736,129185.96801918076
2022-09-04,146345.60967690108,138527.44034400687,136765.64860083736,129185.96801918076
2022-09-05,145069.05376220605,138527.44034400687,136765.64860083736,129185.96801918076
2022-09-06,137932.1361578603,138527.44034400687,136765.64860083736,129185.96801918076
2022-09-07,141246.55085140315,138527.44034400687,136765.64860083736,129185.96801918076
2022-09-08,141535.84708386636,138527.44034400687,136765.64860083736,129185.96801918076
2022-09-09,156555.8975337314,138527.44034400687,136765.64860083736,129185.96801918076
2022-09-10,158748.05049677248,138527.44034400687,136765.64860083736,129185.96801918076
2022-09-11,159397.64774662058,138527.44034400687,136765.64860083736,129185.96801918076
2022-09-12,163799.6726915383,138527.44034400687,136765.64860083736,129185.96801918076
2022-09-13,148615.43172089072,125808.03000618423,124194.46327798822,117260.32958165386
2022-09-14,148208.1946100289,125467.06852245686,123857.83814181249,116942.36052640248
2022-09-15,144255.12298093105,125474.42033981213,123852.84473655996,116891.35297928969
2022-09-16,144777.726778593,125474.42033981213,123852.84473655996,116891.35297928969
2022-09-17,147377.03104610927,125474.42033981213,123852.84473655996,116891.35297928969
2022-09-18,142192.43755422338,125474.42033981213,123852.84473655996,116891.35297928969
2022-09-19,143104.94557265146,125474.42033981213,123852.84473655996,116891.35297928969
2022-09-20,138321.09650837368,125474.42033981213,123852.84473655996,116891.35297928969
2022-09-21,135806.75486466795,125474.42033981213,123852.84473655996,116891.35297928969
2022-09-22,142148.83360875992,125474.42033981213,123852.84473655996,116891.35297928969
2022-09-23,141300.10833771364,125474.42033981213,123852.84473655996,116891.35297928969
2022-09-24,138659.54549930128,125474.42033981213,123852.84473655996,116891.35297928969
2022-09-25,137671.6851723632,125474.42033981213,123852.84473655996,116891.35297928969
2022-09-26,140751.19058149058,125474.42033981213,123852.84473655996,116891.35297928969
2022-09-27,139930.19507438448,125474.42033981213,123852.84473655996,116891.35297928969
2022-09-28,142245.26568624767,125474.42033981213,123852.84473655996,116891.35297928969
2022-09-29,143316.7157348105,125474.42033981213,123852.84473655996,116891.35297928969
2022-09-30,142282.37694845747,125474.42033981213,123852.84473655996,116891.35297928969
2022-10-01,141405.9648166643,125474.42033981213,123852.84473655996,116891.35297928969
2022-10-02,139443.7157654863,125474.42033981213,123852.84473655996,116891.35297928969
2022-10-03,143686.69857281813,125474.42033981213,123852.84473655996,116891.35297928969
2022-10-04,148909.31859503768,125474.42033981213,123852.84473655996,116891.35297928969
2022-10-05,147619.69150744873,125474.42033981213,123852.84473655996,116891.35297928969
2022-10-06,146116.64963529067,125474.42033981213,123852.84473655996,116891.35297928969
2022-10-07,143124.86695540993,125474.42033981213,123852.84473655996,116891.35297928969
2022-10-08,142170.92875331256,125474.42033981213,123852.84473655996,116891.35297928969
2022-10-09,142389.54912533617,125474.42033981213,123852.84473655996,116891.35297928969
2022-10-10,140156.72393504085,125474.42033981213,123852.84473655996,116891.35297928969
2022-10-11,139497.2446496679,125474.42033981213,123852.84473655996,116891.35297928969
2022-10-12,140273.59223360673,125474.42033981213,123852.84473655996,116891.35297928969
2022-10-13,141924.4356067044,125474.42033981213,123852.84473655996,116891.35297928969
2022-10-14,140480.15680831132,125474.42033981213,123852.84473655996,116891.35297928969
2022-10-15,139615.98638767484,125474.42033981213,123852.84473655996,116891.35297928969
2022-10-16,141083.77613599968,125474.42033981213,123852.84473655996,116891.35297928969
2022-10-17,143153.4833853451,125474.42033981213,123852.84473655996,116891.35297928969
2022-10-18,141569.39738103177,125474.42033981213,123852.84473655996,116891.35297928969
2022-10-19,140142.45147273433,125474.42033981213,123852.84473655996,116891.35297928969
2022-10-20,139514.24861528157,125474.42033981213,123852.84473655996,116891.35297928969
2022-10-21,140383.59602124366,125474.42033981213,123852.84473655996,116891.35297928969
2022-10-22,140645.14818870227,125474.42033981213,123852.84473655996,116891.35297928969
2022-10-23,143272.46824144744,125474.42033981213,123852.84473655996,116891.35297928969
2022-10-24,141651.08506108663,125474.42033981213,123852.84473655996,116891.35297928969
2022-10-25,147144.78175967876,125474.42033981213,123852.84473655996,116891.35297928969
2022-10-26,152084.18350182014,125474.42033981213,123852.84473655996,116891.35297928969
2022-10-27,148535.83199624342,122562.06731784905,120965.86684417911,114120.35142747499
2022-10-28,150802.15027944636,124413.1560811861,122793.03295961746,115844.81661683576
2022-10-29,152435.90388054377,124411.67261235284,122779.41073820679,115786.06185205367
2022-10-30,151096.88091639505,124411.67261235284,122779.41073820679,115786.06185205367
2022-10-31,150073.02481027314,124411.67261235284,122779.41073820679,115786.06185205367
2022-11-01,149996.14228786854,124411.67261235284,122779.41073820679,115786.06185205367
2022-11-02,147610.81054643437,124411.67261235284,122779.41073820679,115786.06185205367
2022-11-03,147980.46445995997,124411.67261235284,122779.41073820679,115786.06185205367
2022-11-04,154843.0876484352,124411.67261235284,122779.41073820679,115786.06185205367
2022-11-05,155834.9522734152,124612.40578046018,122974.4718724729,115958.55104833905
2022-11-06,153226.76704488453,124093.74556001485,122462.61639378287,115475.85016422025
2022-11-07,150856.80894771838,124091.02964457308,122456.92930858133,115459.14485259436
2022-11-08,135761.87812446975,124091.02964457308,122456.92930858133,115459.14485259436
2022-11-09,116281.37573093633,124091.02964457308,122456.92930858133,115459.14485259436
2022-11-10,128772.89073064353,124091.02964457308,122456.92930858133,115459.14485259436
2022-11-11,124727.56293487301,124091.02964457308,122456.92930858133,115459.14485259436
2022-11-12,123006.07230346459,124091.02964457308,122456.92930858133,115459.14485259436
2022-11-13,119741.71133544555,124091.02964457308,122456.92930858133,115459.14485259436
2022-11-14,121680.86416756043,124091.02964457308,122456.92930858133,115459.14485259436
2022-11-15,123631.58656080351,124091.02964457308,122456.92930858133,115459.14485259436
2022-11-16,122056.05259302253,124091.02964457308,122456.92930858133,115459.14485259436
2022-11-17,122188.42324543637,124091.02964457308,122456.92930858133,115459.14485259436
2022-11-18,122263.54673691539,124091.02964457308,122456.92930858133,115459.14485259436
2022-11-19,122364.36924118482,124091.02964457308,122456.92930858133,115459.14485259436
2022-11-20,119291.15630040901,124091.02964457308,122456.92930858133,115459.14485259436
2022-11-21,115596.78377641487,124091.02964457308,122456.92930858133,115459.14485259436
2022-11-22,118543.83987727399,124091.02964457308,122456.92930858133,115459.14485259436
2022-11-23,121626.00528438632,124091.02964457308,122456.92930858133,115459.14485259436
2022-11-24,121580.29908245085,124091.02964457308,122456.92930858133,115459.14485259436
2022-11-25,120975.32115364114,124091.02964457308,122456.92930858133,115459.14485259436
2022-11-26,120553.85448366616,124091.02964457308,122456.92930858133,115459.14485259436
2022-11-27,120409.94287225296,124091.02964457308,122456.92930858133,115459.14485259436
2022-11-28,118745.58499326384,124091.02964457308,122456.92930858133,115459.14485259436
2022-11-29,120412.54566598019,124091.02964457308,122456.92930858133,115459.14485259436
2022-11-30,125710.73251267629,124091.02964457308,122456.92930858133,115459.14485259436
2022-12-01,124235.80653319816,124091.02964457308,122456.92930858133,115459.14485259436
2022-12-02,125125.64736449617,124091.02964457308,122456.92930858133,115459.14485259436
2022-12-03,123804.5579351494,124091.02964457308,122456.92930858133,115459.14485259436
2022-12-04,125431.90465937974,124091.02964457308,122456.92930858133,115459.14485259436
2022-12-05,124292.13842600913,124091.02964457308,122456.92930858133,115459.14485259436
2022-12-06,125131.82542433226,124091.02964457308,122456.92930858133,115459.14485259436
2022-12-07,123364.42837608626,124091.02964457308,122456.92930858133,115459.14485259436
2022-12-08,126185.99978705715,124091.02964457308,122456.92930858133,115459.14485259436
2022-12-09,125451.42561233405,124091.02964457308,122456.92930858133,115459.14485259436
2022-12-10,125419.00509925905,124091.02964457308,122456.92930858133,115459.14485259436
2022-12-11,125239.38372995071,124091.02964457308,122456.92930858133,115459.14485259436
2022-12-12,125988.03015207825,124091.02964457308,122456.92930858133,115459.14485259436
2022-12-13,130197.3911569225,124091.02964457308,122456.92930858133,115459.14485259436
2022-12-14,130448.77526756756,124149.03710506149,122511.14195776368,115498.82859115193
2022-12-15,127148.0609937538,123370.42484012111,121742.78289619657,114774.37730293836
2022-12-16,121895.29432770445,123369.87495840783,121739.28048494176,114759.91249648822
2022-12-17,122976.09727240803,123369.87495840783,121739.28048494176,114759.91249648822
2022-12-18,122704.33414494258,123369.87495840783,121739.28048494176,114759.91249648822
2022-12-19,120373.71827603815,123369.87495840783,121739.28048494176,114759.91249648822
2022-12-20,123790.4141824228,123369.87495840783,121739.28048494176,114759.91249648822
2022-12-21,123140.43080383494,123369.87495840783,121739.28048494176,114759.91249648822
2022-12-22,123234.20288333771,123369.87495840783,121739.28048494176,114759.91249648822
2022-12-23,122989.72618681494,123369.87495840783,121739.28048494176,114759.91249648822
2022-12-24,123361.71117384353,123369.87495840783,121739.28048494176,114759.91249648822
2022-12-25,123319.46582950142,123369.87495840783,121739.28048494176,114759.91249648822
2022-12-26,123889.26313980012,123369.87495840783,121739.28048494176,114759.91249648822
2022-12-27,122405.57060782313,123369.87495840783,121739.28048494176,114759.91249648822
2022-12-28,121200.33410146734,123369.87495840783,121739.28048494176,114759.91249648822
2022-12-29,121857.63962504613,123369.87495840783,121739.28048494176,114759.91249648822
2022-12-30,121566.54145846402,123369.87495840783,121739.28048494176,114759.91249648822
2022-12-31,121163.16563499981,123369.87495840783,121739.28048494176,114759.91249648822
2023-01-01,121731.24681756627,123369.87495840783,121739.28048494176,114759.91249648822
2023-01-02,122195.40216488083,123369.87495840783,121739.28048494176,114759.91249648822
2023-01-03,122132.33447072083,123369.87495840783,121739.28048494176,114759.91249648822
2023-01-04,123475.07571162275,123369.87495840783,121739.28048494176,114759.91249648822
2023-01-05,123281.02456829912,123369.87495840783,121739.28048494176,114759.91249648822
2023-01-06,124124.77306892192,123369.87495840783,121739.28048494176,114759.91249648822
2023-01-07,124147.54036350302,123369.87495840783,121739.28048494176,114759.91249648822
2023-01-08,125143.83831845797,123369.87495840783,121739.28048494176,114759.91249648822
2023-01-09,125915.66676603523,123553.107151394,121917.07732678465,114916.1530407076
2023-01-10,127744.28667112907,123999.2750289909,122357.34814988836,115331.18293847662
2023-01-11,131321.91245560502,123999.39366653207,122354.38955034097,115316.79659859797
2023-01-12,138165.85845392765,123999.39366653207,122354.38955034097,115316.79659859797
2023-01-13,145780.78913702586,130769.64089727953,129022.70849683163,121555.90265611855
2023-01-14,153591.5013922444,132509.27990145964,130729.68307371442,123128.55683068935
2023-01-15,152892.23654561222,132511.2080970245,130728.21913412928,123114.48542461375
2023-01-16,155007.120857509,132511.2080970245,130728.21913412928,123114.48542461375
2023-01-17,154947.71423584444,132422.50286350882,130627.76157864982,122971.1109936595
2023-01-18,151486.25599777704,129492.99104326092,127737.66745987172,120249.33865851433
2023-01-19,154400.55551054692,129480.37938364524,127712.57861494091,120178.06975576981
2023-01-20,166041.00701517262,129480.37938364524,127712.57861494091,120178.06975576981
2023-01-21,166781.07279863895,130046.7725350697,128258.59474499739,120644.2808621522
2023-01-22,166362.18032026233,129723.38270254452,127939.62016671576,120344.12445207278
2023-01-23,167929.23375683313,129727.18066445735,127930.69789858612,120288.04458045466
2023-01-24,165747.5062697654,129727.18066445735,127930.69789858612,120288.04458045466
2023-01-25,169272.31822328153,129727.18066445735,127930.69789858612,120288.04458045466
2023-01-26,168649.33525434765,129727.18066445735,127930.69789858612,120288.04458045466
2023-01-27,168985.79639731874,129727.18066445735,127930.69789858612,120288.04458045466
2023-01-28,168636.9791346755,129727.18066445735,127930.69789858612,120288.04458045466
2023-01-29,174080.82232264586,129727.18066445735,127930.69789858612,120288.04458045466
2023-01-30,167238.80696802202,124678.9706582213,122939.7311298931,115547.60680107331
2023-01-31,169429.18659907315,126294.94565550456,124533.32784671249,117046.00113538699
2023-02-01,173708.8802388106,126287.12754479182,124513.29206112833,116980.80396908826
2023-02-02,171864.44335645123,126287.12754479182,124513.29206112833,116980.80396908826
2023-02-03,171699.33756754483,126287.12754479182,124513.29206112833,116980.80396908826
2023-02-04,170839.17144495025,126287.12754479182,124513.29206112833,116980.80396908826
2023-02-05,168084.71492937455,126287.12754479182,124513.29206112833,116980.80396908826
2023-02-06,166652.8208527825,126287.12754479182,124513.29206112833,116980.80396908826
2023-02-07,170344.511927195,126287.12754479182,124513.29206112833,116980.80396908826
2023-02-08,167965.6013636923,126287.12754479182,124513.29206112833,116980.80396908826
2023-02-09,159762.1675780139,126287.12754479182,124513.29206112833,116980.80396908826
2023-02-10,158533.10549830878,126287.12754479182,124513.29206112833,116980.80396908826
2023-02-11,160141.7178281288,126287.12754479182,124513.29206112833,116980.80396908826
2023-02-12,159536.3823727082,126287.12754479182,124513.29206112833,116980.80396908826
2023-02-13,159682.0816171758,126287.12754479182,124513.29206112833,116980.80396908826
2023-02-14,162703.9537366286,126287.12754479182,124513.29206112833,116980.80396908826
2023-02-15,177985.54205288776,126287.12754479182,124513.29206112833,116980.80396908826
2023-02-16,172974.5062789896,122769.70448557191,121032.94834064672,113664.68176053774
2023-02-17,179872.89642961771,127615.41323298111,125810.59401395833,118153.30159133498
2023-02-18,180427.0054722308,127613.84611203305,125796.59153021112,118093.33115367946
2023-02-19,178130.52624413362,127613.84611203305,125796.59153021112,118093.33115367946
2023-02-20,181802.62486026966,127613.84611203305,125796.59153021112,118093.33115367946
2023-02-21,178926.52349060666,127613.84611203305,125796.59153021112,118093.33115367946
2023-02-22,177114.22110003358,127613.84611203305,125796.59153021112,118093.33115367946
2023-02-23,175347.00996562524,127613.84611203305,125796.59153021112,118093.33115367946
2023-02-24,169860.04906838218,127613.84611203305,125796.59153021112,118093.33115367946
2023-02-25,169693.45596877448,127613.84611203305,125796.59153021112,118093.33115367946
2023-02-26,172518.61694691866,127613.84611203305,125796.59153021112,118093.33115367946
2023-02-27,172237.8727509878,127613.84611203305,125796.59153021112,118093.33115367946
2023-02-28,169488.27859732014,127613.84611203305,125796.59153021112,118093.33115367946
2023-03-01,173143.47335529356,127613.84611203305,125796.59153021112,118093.33115367946
2023-03-02,171890.7716160768,127613.84611203305,125796.59153021112,118093.33115367946
2023-03-03,163742.78305721434,127613.84611203305,125796.59153021112,118093.33115367946
2023-03-04,163674.46687240654,127613.84611203305,125796.59153021112,118093.33115367946
2023-03-05,164276.08405107397,127613.84611203305,125796.59153021112,118093.33115367946
2023-03-06,164233.9388141829,127613.84611203305,125796.59153021112,118093.33115367946
2023-03-07,162696.37417247784,127613.84611203305,125796.59153021112,118093.33115367946
2023-03-08,159022.93125628485,127613.84611203305,125796.59153021112,118093.33115367946
2023-03-09,149100.99576166505,127613.84611203305,125796.59153021112,118093.33115367946
2023-03-10,147813.92856461002,127613.84611203305,125796.59153021112,118093.33115367946
2023-03-11,151073.4986760432,127613.84611203305,125796.59153021112,118093.33115367946
2023-03-12,162287.64975091477,127613.84611203305,125796.59153021112,118093.33115367946
2023-03-13,177177.84653570657,127613.84611203305,125796.59153021112,118093.33115367946
2023-03-14,181194.34338557537,127613.84611203305,125796.59153021112,118093.33115367946
2023-03-15,178484.32027720037,125597.40695804928,123796.40062823246,116168.81170505505
2023-03-16,183440.153942378,129052.86066073702,127202.64776545104,119366.47442606941
2023-03-17,200801.98939247147,129064.77649971106,127201.78452336953,119318.31504787965
2023-03-18,197448.07515895812,126817.92213086653,124974.75840288494,117182.01957608626
2023-03-19,205303.2494235062,131816.31906283245,129901.00572415638,121802.9573411162
2023-03-20,203315.73039147092,131829.95092210086,129901.5642041457,121755.16693833776
2023-03-21,206307.4129639006,131829.95092210086,129901.5642041457,121755.16693833776
2023-03-22,199949.01670528788,131829.95092210086,129901.5642041457,121755.16693833776
2023-03-23,207465.45595761968,131829.95092210086,129901.5642041457,121755.16693833776
2023-03-24,201309.82019057169,131829.95092210086,129901.5642041457,121755.16693833776
2023-03-25,201320.23136548063,131829.95092210086,129901.5642041457,121755.16693833776
2023-03-26,204978.54375550098,131829.95092210086,129901.5642041457,121755.16693833776
2023-03-27,198722.1998926991,131829.95092210086,129901.5642041457,121755.16693833776
2023-03-28,199661.20778352593,131829.95092210086,129901.5642041457,121755.16693833776
2023-03-29,207571.39824295693,131829.95092210086,129901.5642041457,121755.16693833776
2023-03-30,205265.80923681438,131829.95092210086,129901.5642041457,121755.16693833776
2023-03-31,208523.59171519318,131829.95092210086,129901.5642041457,121755.16693833776
2023-04-01,208029.71875598186,131829.95092210086,129901.5642041457,121755.16693833776
2023-04-02,206479.42616692933,131829.95092210086,129901.5642041457,121755.16693833776
2023-04-03,203484.02531774642,131829.95092210086,129901.5642041457,121755.16693833776
2023-04-04,206250.83795299428,131829.95092210086,129901.5642041457,121755.16693833776
2023-04-05,206323.28714542388,131829.95092210086,129901.5642041457,121755.16693833776
2023-04-06,205343.26380179642,131829.95092210086,129901.5642041457,121755.16693833776
2023-04-07,204477.19133959,131829.95092210086,129901.5642041457,121755.16693833776
2023-04-08,204637.8065942637,131829.95092210086,129901.5642041457,121755.16693833776
2023-04-09,207458.70585520615,131829.95092210086,129901.5642041457,121755.16693833776
2023-04-10,217123.4224048913,131829.95092210086,129901.5642041457,121755.16693833776
2023-04-11,221385.48283217996,134388.77367623395,132410.09636414846,124058.1676462186
2023-04-12,220682.51400985903,133966.22312467813,131993.72681217268,123667.90949482958
2023-04-13,222586.37181494737,132882.12801415415,130912.52542891694,122605.90760921896
2023-04-14,223220.70982904293,132882.12801415415,130912.52542891694,122605.90760921896
2023-04-15,221996.42430485925,132882.12801415415,130912.52542891694,122605.90760921896
2023-04-16,221973.42819324715,132882.12801415415,130912.52542891694,122605.90760921896
2023-04-17,215600.88818190782,132882.12801415415,130912.52542891694,122605.90760921896
2023-04-18,222575.28849000993,132882.12801415415,130912.52542891694,122605.90760921896
2023-04-19,211043.83969851068,132882.12801415415,130912.52542891694,122605.90760921896
2023-04-20,206821.22160693482,132882.12801415415,130912.52542891694,122605.90760921896
2023-04-21,199725.49106816296,132882.12801415415,130912.52542891694,122605.90760921896
2023-04-22,203683.76828471533,132882.12801415415,130912.52542891694,122605.90760921896
2023-04-23,202028.11975396733,132882.12801415415,130912.52542891694,122605.90760921896
2023-04-24,201544.52926008508,132882.12801415415,130912.52542891694,122605.90760921896
2023-04-25,207272.33438348433,132882.12801415415,130912.52542891694,122605.90760921896
2023-04-26,208115.13901385438,132882.12801415415,130912.52542891694,122605.90760921896
2023-04-27,215811.3426461388,132882.12801415415,130912.52542891694,122605.90760921896
2023-04-28,214833.6503760143,132882.12801415415,130912.52542891694,122605.90760921896
2023-04-29,214161.67196032486,132882.12801415415,130912.52542891694,122605.90760921896
2023-04-30,214310.44593364606,132882.12801415415,130912.52542891694,122605.90760921896
2023-05-01,205690.53654948063,132882.12801415415,130912.52542891694,122605.90760921896
2023-05-02,210003.0511320973,132882.12801415415,130912.52542891694,122605.90760921896
2023-05-03,212388.3971745959,132882.12801415415,130912.52542891694,122605.90760921896
2023-05-04,211227.12214031446,132882.12801415415,130912.52542891694,122605.90760921896
2023-05-05,216255.04747131083,132882.12801415415,130912.52542891694,122605.90760921896
2023-05-06,211643.8408568969,132882.12801415415,130912.52542891694,122605.90760921896
2023-05-07,208351.4784047134,132882.12801415415,130912.52542891694,122605.90760921896
2023-05-08,202781.48552735854,132882.12801415415,130912.52542891694,122605.90760921896
2023-05-09,202521.56368124558,132882.12801415415,130912.52542891694,122605.90760921896
2023-05-10,202250.50130593748,132882.12801415415,130912.52542891694,122605.90760921896
2023-05-11,197703.69238467605,132882.12801415415,130912.52542891694,122605.90760921896
2023-05-12,196270.024976094,132882.12801415415,130912.52542891694,122605.90760921896
2023-05-13,196116.9034791844,132882.12801415415,130912.52542891694,122605.90760921896
2023-05-14,197190.04105335064,132882.12801415415,130912.52542891694,122605.90760921896
2023-05-15,199108.84347077395,132882.12801415415,130912.52542891694,122605.90760921896
2023-05-16,197966.27422877398,132882.12801415415,130912.52542891694,122605.90760921896
2023-05-17,200618.00619851038,132882.12801415415,130912.52542891694,122605.90760921896
2023-05-18,196469.32461006538,132882.12801415415,130912.52542891694,122605.90760921896
2023-05-19,196893.42267589647,132882.12801415415,130912.52542891694,122605.90760921896
2023-05-20,198646.7617778025,132882.12801415415,130912.52542891694,122605.90760921896
2023-05-21,195895.39429214486,132882.12801415415,130912.52542891694,122605.90760921896
2023-05-22,196608.94590214797,132882.12801415415,130912.52542891694,122605.90760921896
2023-05-23,199350.71737356947,132882.12801415415,130912.52542891694,122605.90760921896
2023-05-24,192827.35833669468,132882.12801415415,130912.52542891694,122605.90760921896
2023-05-25,193862.62669223602,132882.12801415415,130912.52542891694,122605.90760921896
2023-05-26,195642.52287079854,132882.12801415415,130912.52542891694,122605.90760921896
2023-05-27,196733.98010850645,132882.12801415415,130912.52542891694,122605.90760921896
2023-05-28,205647.1757221126,132882.12801415415,130912.52542891694,122605.90760921896
2023-05-29,203159.39115506335,132882.12801415415,130912.52542891694,122605.90760921896
2023-05-30,202840.62042879884,132882.12801415415,130912.52542891694,122605.90760921896
2023-05-31,199306.28396636876,132882.12801415415,130912.52542891694,122605.90760921896
2023-06-01,196379.72844137775,132882.12801415415,130912.52542891694,122605.90760921896
2023-06-02,199525.4477788409,132882.12801415415,130912.52542891694,122605.90760921896
2023-06-03,198248.01949921533,132882.12801415415,130912.52542891694,122605.90760921896
2023-06-04,198569.73624475356,132882.12801415415,130912.52542891694,122605.90760921896
2023-06-05,188619.17001913412,132882.12801415415,130912.52542891694,122605.90760921896
2023-06-06,199446.31998931998,132882.12801415415,130912.52542891694,122605.90760921896
2023-06-07,192909.21762952278,132882.12801415415,130912.52542891694,122605.90760921896
2023-06-08,194097.0068372674,132882.12801415415,130912.52542891694,122605.90760921896
2023-06-09,193893.1451637411,132882.12801415415,130912.52542891694,122605.90760921896
2023-06-10,189286.52919101095,132882.12801415415,130912.52542891694,122605.90760921896
2023-06-11,189937.6709558181,132882.12801415415,130912.52542891694,122605.90760921896
2023-06-12,189661.86062711742,132882.12801415415,130912.52542891694,122605.90760921896
2023-06-13,189780.68817151093,132882.12801415415,130912.52542891694,122605.90760921896
2023-06-14,183966.51891998647,132882.12801415415,130912.52542891694,122605.90760921896
2023-06-15,187274.06910260033,132882.12801415415,130912.52542891694,122605.90760921896
2023-06-16,192773.50052803106,132882.12801415415,130912.52542891694,122605.90760921896
2023-06-17,194115.01187739152,132882.12801415415,130912.52542891694,122605.90760921896
2023-06-18,192837.56929670152,132882.12801415415,130912.52542891694,122605.90760921896
2023-06-19,196607.12966696467,132882.12801415415,130912.52542891694,122605.90760921896
2023-06-20,207417.97642369423,132882.12801415415,130912.52542891694,122605.90760921896
2023-06-21,219864.2214039312,140851.19585151057,138750.52138403695,129898.04545246289
2023-06-22,219022.06032146077,140317.06145722175,138224.30402493998,129405.21746140222
2023-06-23,224756.67275153124,140243.22886026633,138137.8876501558,129273.04340109641
2023-06-24,223681.97636134157,140243.22886026633,138137.8876501558,129273.04340109641
2023-06-25,223180.89566565483,140243.22886026633,138137.8876501558,129273.04340109641
2023-06-26,221649.6091912369,140243.22886026633,138137.8876501558,129273.04340109641
2023-06-27,224703.1867705429,140243.22886026633,138137.8876501558,129273.04340109641
2023-06-28,220295.85613071974,140243.22886026633,138137.8876501558,129273.04340109641
2023-06-29,222925.27843993693,140243.22886026633,138137.8876501558,129273.04340109641
2023-06-30,223158.85772535994,140243.22886026633,138137.8876501558,129273.04340109641
2023-07-01,223984.98731459831,140243.22886026633,138137.8876501558,129273.04340109641
2023-07-02,224209.7142411358,140243.22886026633,138137.8876501558,129273.04340109641
2023-07-03,228131.96707637547,140243.22886026633,138137.8876501558,129273.04340109641
2023-07-04,225357.9181025233,140243.22886026633,138137.8876501558,129273.04340109641
2023-07-05,223429.14784318855,140243.22886026633,138137.8876501558,129273.04340109641
2023-07-06,219000.50861735662,140243.22886026633,138137.8876501558,129273.04340109641
2023-07-07,222170.46825903773,140243.22886026633,138137.8876501558,129273.04340109641
2023-07-08,221806.3774595775,140243.22886026633,138137.8876501558,129273.04340109641
2023-07-09,220918.1526485607,140243.22886026633,138137.8876501558,129273.04340109641
2023-07-10,222699.1643101492,140243.22886026633,138137.8876501558,129273.04340109641
2023-07-11,224211.0442401283,140243.22886026633,138137.8876501558,129273.04340109641
2023-07-12,222532.0420711574,140243.22886026633,138137.8876501558,129273.04340109641
2023-07-13,230472.19326058048,140243.22886026633,138137.8876501558,129273.04340109641
2023-07-14,222110.4466916025,135211.81335820127,133168.32903745706,124571.2106821627
2023-07-15,221830.28883931346,135043.04098342007,133002.09028543002,124415.64011588793
2023-07-16,221488.53630250125,135050.38977544094,132996.16517141418,124360.81993103385
2023-07-17,220732.56773538282,135050.38977544094,132996.16517141418,124360.81993103385
2023-07-18,218614.07955524835,135050.38977544094,132996.16517141418,124360.81993103385
2023-07-19,219034.0875166509,135050.38977544094,132996.16517141418,124360.81993103385
2023-07-20,218141.457977788,135050.38977544094,132996.16517141418,124360.81993103385
2023-07-21,218996.16109376829,135050.38977544094,132996.16517141418,124360.81993103385
2023-07-22,217993.4562619463,135050.38977544094,132996.16517141418,124360.81993103385
2023-07-23,220283.3570004032,135050.38977544094,132996.16517141418,124360.81993103385
2023-07-24,213637.60945409047,135050.38977544094,132996.16517141418,124360.81993103385
2023-07-25,214007.1918622939,135050.38977544094,132996.16517141418,124360.81993103385
2023-07-26,214941.36599334155,135050.38977544094,132996.16517141418,124360.81993103385
2023-07-27,213884.90346030702,135050.38977544094,132996.16517141418,124360.81993103385
2023-07-28,214679.77092268967,135050.38977544094,132996.16517141418,124360.81993103385
2023-07-29,214955.6098535192,135050.38977544094,132996.16517141418,124360.81993103385
2023-07-30,214358.05417715144,135050.38977544094,132996.16517141418,124360.81993103385
2023-07-31,214027.11324505237,135050.38977544094,132996.16517141418,124360.81993103385
2023-08-01,217290.015504499,135050.38977544094,132996.16517141418,124360.81993103385
2023-08-02,213454.87045273522,135050.38977544094,132996.16517141418,124360.81993103385
2023-08-03,213650.52331527564,135050.38977544094,132996.16517141418,124360.81993103385
2023-08-04,212884.71561582564,135050.38977544094,132996.16517141418,124360.81993103385
2023-08-05,212650.66439527625,135050.38977544094,132996.16517141418,124360.81993103385
2023-08-06,212648.67654731977,135050.38977544094,132996.16517141418,124360.81993103385
2023-08-07,213664.4239499068,135050.38977544094,132996.16517141418,124360.81993103385
2023-08-08,217947.2495227556,135050.38977544094,132996.16517141418,124360.81993103385
2023-08-09,216453.54624567385,135050.38977544094,132996.16517141418,124360.81993103385
2023-08-10,215487.73816009512,135050.38977544094,132996.16517141418,124360.81993103385
2023-08-11,215254.33048744535,135050.38977544094,132996.16517141418,124360.81993103385
2023-08-12,215387.95963352954,135050.38977544094,132996.16517141418,124360.81993103385
2023-08-13,214413.7425220628,135050.38977544094,132996.16517141418,124360.81993103385
2023-08-14,215332.8862343889,135050.38977544094,132996.16517141418,124360.81993103385
2023-08-15,213589.51497439432,135050.38977544094,132996.16517141418,124360.81993103385
2023-08-16,210158.58950889643,135050.38977544094,132996.16517141418,124360.81993103385
2023-08-17,195241.70693786824,135050.38977544094,132996.16517141418,124360.81993103385
2023-08-18,190738.6306716502,135050.38977544094,132996.16517141418,124360.81993103385
2023-08-19,191080.19729462473,135050.38977544094,132996.16517141418,124360.81993103385
2023-08-20,191763.9311852801,135050.38977544094,132996.16517141418,124360.81993103385
2023-08-21,191284.7454192439,135050.38977544094,132996.16517141418,124360.81993103385
2023-08-22,190607.56141609998,135050.38977544094,132996.16517141418,124360.81993103385
2023-08-23,193536.30500394962,135050.38977544094,132996.16517141418,124360.81993103385
2023-08-24,191564.68875556643,135050.38977544094,132996.16517141418,124360.81993103385
2023-08-25,190724.80154234119,135050.38977544094,132996.16517141418,124360.81993103385
2023-08-26,190437.73627592987,135050.38977544094,132996.16517141418,124360.81993103385
2023-08-27,191032.5175457972,135050.38977544094,132996.16517141418,124360.81993103385
2023-08-28,191153.01831472968,135050.38977544094,132996.16517141418,124360.81993103385
2023-08-29,203023.98867698922,135050.38977544094,132996.16517141418,124360.81993103385
2023-08-30,199874.53676170844,135050.38977544094,132996.16517141418,124360.81993103385
2023-08-31,189874.00261695177,135050.38977544094,132996.16517141418,124360.81993103385
2023-09-01,188916.6464604544,135050.38977544094,132996.16517141418,124360.81993103385
2023-09-02,189415.09576028498,135050.38977544094,132996.16517141418,124360.81993103385
2023-09-03,190152.93057769936,135050.38977544094,132996.16517141418,124360.81993103385
2023-09-04,189002.25263216454,135050.38977544094,132996.16517141418,124360.81993103385
2023-09-05,188764.7691561507,135050.38977544094,132996.16517141418,124360.81993103385
2023-09-06,188568.93037977262,135050.38977544094,132996.16517141418,124360.81993103385
2023-09-07,192134.514667994,135050.38977544094,132996.16517141418,124360.81993103385
2023-09-08,189684.95684618055,135050.38977544094,132996.16517141418,124360.81993103385
2023-09-09,189611.90700904463,135050.38977544094,132996.16517141418,124360.81993103385
2023-09-10,189147.30832873256,135050.38977544094,132996.16517141418,124360.81993103385
2023-09-11,184244.60311793236,135050.38977544094,132996.16517141418,124360.81993103385
2023-09-12,189155.48853758958,135050.38977544094,132996.16517141418,124360.81993103385
2023-09-13,192047.59279835576,135050.38977544094,132996.16517141418,124360.81993103385
2023-09-14,194327.33978106358,135050.38977544094,132996.16517141418,124360.81993103385
2023-09-15,194832.7107960809,135050.38977544094,132996.16517141418,124360.81993103385
2023-09-16,194536.80747184853,135050.38977544094,132996.16517141418,124360.81993103385
2023-09-17,194287.1680910646,135050.38977544094,132996.16517141418,124360.81993103385
2023-09-18,195898.72644015832,135050.38977544094,132996.16517141418,124360.81993103385
2023-09-19,199243.74541159286,135050.38977544094,132996.16517141418,124360.81993103385
2023-09-20,198664.49509770237,135050.38977544094,132996.16517141418,124360.81993103385
2023-09-21,194532.059518456,135050.38977544094,132996.16517141418,124360.81993103385
2023-09-22,194619.45332322057,135050.38977544094,132996.16517141418,124360.81993103385
2023-09-23,194618.15192635695,135050.38977544094,132996.16517141418,124360.81993103385
2023-09-24,192256.28823166122,135050.38977544094,132996.16517141418,124360.81993103385
2023-09-25,192561.2870328745,135050.38977544094,132996.16517141418,124360.81993103385
2023-09-26,191966.5057630072,135050.38977544094,132996.16517141418,124360.81993103385
2023-09-27,192958.41329118048,135050.38977544094,132996.16517141418,124360.81993103385
2023-09-28,197855.68409749522,135050.38977544094,132996.16517141418,124360.81993103385
2023-09-29,197051.52094322958,135050.38977544094,132996.16517141418,124360.81993103385
2023-09-30,197462.99116916422,135050.38977544094,132996.16517141418,124360.81993103385
2023-10-01,204901.07488945455,135050.38977544094,132996.16517141418,124360.81993103385
2023-10-02,201584.40062773094,132919.43959794237,130884.46510324976,122336.99637600899
2023-10-03,200846.27978902785,132437.80878194113,130410.1602777468,121893.48782130163
2023-10-04,203551.19741739935,132433.48826060328,130392.99983487441,121829.17084881135
2023-10-05,200743.28352296425,132433.48826060328,130392.99983487441,121829.17084881135
2023-10-06,204629.04004176482,132433.48826060328,130392.99983487441,121829.17084881135
2023-10-07,204791.90056355487,132433.48826060328,130392.99983487441,121829.17084881135
2023-10-08,204544.77817011162,132433.48826060328,130392.99983487441,121829.17084881135
2023-10-09,201971.68775370537,132433.48826060328,130392.99983487441,121829.17084881135
2023-10-10,200561.01645673538,132433.48826060328,130392.99983487441,121829.17084881135
2023-10-11,196770.34771536564,132433.48826060328,130392.99983487441,121829.17084881135
2023-10-12,195917.16051221552,132433.48826060328,130392.99983487441,121829.17084881135
2023-10-13,196690.2045502698,132433.48826060328,130392.99983487441,121829.17084881135
2023-10-14,196685.3135862329,132433.48826060328,130392.99983487441,121829.17084881135
2023-10-15,198866.91236372068,132433.48826060328,130392.99983487441,121829.17084881135
2023-10-16,208823.6709502407,132433.48826060328,130392.99983487441,121829.17084881135
2023-10-17,208064.22722446444,132311.2611573886,130269.42843925786,121701.65305874203
2023-10-18,207424.22598885247,132210.805567536,130170.52063366352,121609.24122711537
2023-10-19,210290.58833363495,132215.48804788175,130171.92490768906,121598.57128975882
2023-10-20,217342.85793758775,132215.48804788175,130171.92490768906,121598.57128975882
2023-10-21,219066.9513627234,132474.59322880805,130423.80347746753,121821.82225702929
2023-10-22,219619.65890102184,132557.80936556213,130505.7334000855,121898.35612977712
2023-10-23,242262.20529707137,132719.6338318706,130661.78522045679,122031.90620201472
2023-10-24,248231.89862433056,135992.796398957,133871.2646195318,124981.0960467566
2023-10-25,252634.65292353442,138380.65800678908,136222.1018809876,127176.66647847959
2023-10-26,250099.9322630083,138386.4907238152,136214.35423573782,127119.03474794884
2023-10-27,248292.47793327883,138386.4907238152,136214.35423573782,127119.03474794884
2023-10-28,249608.8051081686,138386.4907238152,136214.35423573782,127119.03474794884
2023-10-29,252895.76175799553,138386.4907238152,136214.35423573782,127119.03474794884
2023-10-30,252631.30647445653,138386.4907238152,136214.35423573782,127119.03474794884
2023-10-31,253842.52082574635,138386.4907238152,136214.35423573782,127119.03474794884
2023-11-01,259476.7111813516,138386.4907238152,136214.35423573782,127119.03474794884
2023-11-02,255822.87502449952,136440.56271009892,134285.4829527035,125268.61298497215
2023-11-03,254315.1138010778,135644.47104633178,133501.8868709955,124537.3392649749
2023-11-04,256876.9206776445,135659.935294908,133503.88989955228,124489.86509021204
2023-11-05,256636.46258022808,135659.935294908,133503.88989955228,124489.86509021204
2023-11-06,256548.7112488526,135659.935294908,133503.88989955228,124489.86509021204
2023-11-07,259522.90361947785,135659.935294908,133503.88989955228,124489.86509021204
2023-11-08,261073.1104021438,135659.935294908,133503.88989955228,124489.86509021204
2023-11-09,268672.38141968526,135659.935294908,133503.88989955228,124489.86509021204
2023-11-10,273218.28937388724,137898.93425679108,135694.08424527326,126482.86985688967
2023-11-11,271930.1925001929,137255.0433356646,135060.42669225647,125891.99611270284
2023-11-12,271318.5645764207,137240.18816375275,135032.4319280966,125816.0012209905
2023-11-13,267275.5392520243,137240.18816375275,135032.4319280966,125816.0012209905
2023-11-14,260211.75729120107,137240.18816375275,135032.4319280966,125816.0012209905
2023-11-15,277367.1139729766,137240.18816375275,135032.4319280966,125816.0012209905
2023-11-16,264730.46462084696,137240.18816375275,135032.4319280966,125816.0012209905
2023-11-17,267966.22345999524,137240.18816375275,135032.4319280966,125816.0012209905
2023-11-18,267885.82287573954,137240.18816375275,135032.4319280966,125816.0012209905
2023-11-19,273749.71692830586,137240.18816375275,135032.4319280966,125816.0012209905
2023-11-20,274411.7132010194,137240.18816375275,135032.4319280966,125816.0012209905
2023-11-21,262233.9278023633,137240.18816375275,135032.4319280966,125816.0012209905
2023-11-22,274085.0196850577,137240.18816375275,135032.4319280966,125816.0012209905
2023-11-23,273040.01230463583,137240.18816375275,135032.4319280966,125816.0012209905
2023-11-24,276193.36841050745,137240.18816375275,135032.4319280966,125816.0012209905
2023-11-25,276753.5983086989,137240.18816375275,135032.4319280966,125816.0012209905
2023-11-26,274427.5587804138,137240.18816375275,135032.4319280966,125816.0012209905
2023-11-27,272780.4193830049,137240.18816375275,135032.4319280966,125816.0012209905
2023-11-28,277004.69639805524,137240.18816375275,135032.4319280966,125816.0012209905
2023-11-29,277205.3689342124,137240.18816375275,135032.4319280966,125816.0012209905
2023-11-30,276138.1949039158,137240.18816375275,135032.4319280966,125816.0012209905
2023-12-01,283284.6370171755,137240.18816375275,135032.4319280966,125816.0012209905
2023-12-02,289051.4268422256,140004.17971358538,137738.59129004757,128287.63202726672
2023-12-03,292727.57265959686,141767.31731086428,139473.3656354482,129904.00202107153
2023-12-04,307384.36177173886,141768.154110863,139460.37506848888,129840.41387057755
2023-12-05,322764.8991528264,148770.22494650772,146334.65378481706,136189.0812454538
2023-12-06,320317.81541516026,147652.8962801449,145235.51360158605,135165.75963010316
2023-12-07,316995.16330850264,147728.74654072552,145295.73416846766,135168.2181926979
2023-12-08,323394.26039649843,147728.74654072552,145295.73416846766,135168.2181926979
2023-12-09,320167.99746413523,147728.74654072552,145295.73416846766,135168.2181926979
2023-12-10,320561.30533823697,147728.74654072552,145295.73416846766,135168.2181926979
2023-12-11,301993.3181136639,147728.74654072552,145295.73416846766,135168.2181926979
2023-12-12,303504.54019467894,147728.74654072552,145295.73416846766,135168.2181926979
2023-12-13,314052.2330647331,147728.74654072552,145295.73416846766,135168.2181926979
2023-12-14,315027.76587412786,147728.74654072552,145295.73416846766,135168.2181926979
2023-12-15,307015.76613698143,147728.74654072552,145295.73416846766,135168.2181926979
2023-12-16,309288.2624800205,147728.74654072552,145295.73416846766,135168.2181926979
2023-12-17,302878.06776602287,147728.74654072552,145295.73416846766,135168.2181926979
2023-12-18,312095.7330414581,147728.74654072552,145295.73416846766,135168.2181926979
2023-12-19,309510.9300532793,147728.74654072552,145295.73416846766,135168.2181926979
2023-12-20,319628.1036795709,147728.74654072552,145295.73416846766,135168.2181926979
2023-12-21,321216.2940893772,147728.74654072552,145295.73416846766,135168.2181926979
2023-12-22,322159.0202569572,147728.74654072552,145295.73416846766,135168.2181926979
2023-12-23,320267.2754534456,147728.74654072552,145295.73416846766,135168.2181926979
2023-12-24,314970.2469929688,147728.74654072552,145295.73416846766,135168.2181926979
2023-12-25,319341.739165317,147728.74654072552,145295.73416846766,135168.2181926979
2023-12-26,311340.5510328837,147728.74654072552,145295.73416846766,135168.2181926979
2023-12-27,318094.8865614542,147728.74654072552,145295.73416846766,135168.2181926979
2023-12-28,312127.3383938603,147728.74654072552,145295.73416846766,135168.2181926979
2023-12-29,308257.9279917094,147728.74654072552,145295.73416846766,135168.2181926979
2023-12-30,308678.95132868685,147728.74654072552,145295.73416846766,135168.2181926979
2023-12-31,309471.830943113,147728.74654072552,145295.73416846766,135168.2181926979
2024-01-01,323399.6089945973,147728.74654072552,145295.73416846766,135168.2181926979
2024-01-02,329188.76568442426,147728.74654072552,145295.73416846766,135168.2181926979
2024-01-03,313740.5556664285,140853.62266949398,138519.4544204142,128810.73301272017
2024-01-04,323491.79365594767,145185.8871099063,142780.36881399923,132774.64984585112
2024-01-05,323365.6296654988,145228.36764100034,142808.01019367712,132747.74871944374
2024-01-06,322095.26611170435,145228.36764100034,142808.01019367712,132747.74871944374
2024-01-07,321757.7323889006,145228.36764100034,142808.01019367712,132747.74871944374
2024-01-08,343924.839897796,145228.36764100034,142808.01019367712,132747.74871944374
2024-01-09,337841.796333822,142632.92599824615,140241.68069910817,130309.61973574628
2024-01-10,341415.3463149339,144126.8309522724,141710.68842375834,131675.14165594045
2024-01-11,339517.5092579728,144213.4473080189,141781.81789183567,131689.0441259799
2024-01-12,313777.10918712534,144213.4473080189,141781.81789183567,131689.0441259799
2024-01-13,313698.13870931324,144213.4473080189,141781.81789183567,131689.0441259799
2024-01-14,306038.3455870812,144213.4473080189,141781.81789183567,131689.0441259799
2024-01-15,311278.7990366517,144213.4473080189,141781.81789183567,131689.0441259799
2024-01-16,315986.76665303536,144213.4473080189,141781.81789183567,131689.0441259799
2024-01-17,312967.897757114,144213.4473080189,141781.81789183567,131689.0441259799
2024-01-18,302126.7756469748,144213.4473080189,141781.81789183567,131689.0441259799
2024-01-19,304736.00485320925,144213.4473080189,141781.81789183567,131689.0441259799
2024-01-20,305081.4613657102,144213.4473080189,141781.81789183567,131689.0441259799
2024-01-21,304204.26267537306,144213.4473080189,141781.81789183567,131689.0441259799
2024-01-22,289278.6707561037,144213.4473080189,141781.81789183567,131689.0441259799
2024-01-23,291754.90006308915,144213.4473080189,141781.81789183567,131689.0441259799
2024-01-24,293450.1482412587,144213.4473080189,141781.81789183567,131689.0441259799
2024-01-25,292401.1365627949,144213.4473080189,141781.81789183567,131689.0441259799
2024-01-26,306189.19321474555,144213.4473080189,141781.81789183567,131689.0441259799
2024-01-27,308409.14744704904,144213.4473080189,141781.81789183567,131689.0441259799
2024-01-28,307790.71221660567,144213.4473080189,141781.81789183567,131689.0441259799
2024-01-29,316962.8143007498,144213.4473080189,141781.81789183567,131689.0441259799
2024-01-30,314505.23358178814,144213.4473080189,141781.81789183567,131689.0441259799
2024-01-31,311796.0113330215,144213.4473080189,141781.81789183567,131689.0441259799
2024-02-01,315407.058705083,144213.4473080189,141781.81789183567,131689.0441259799
2024-02-02,316213.12390091846,144213.4473080189,141781.81789183567,131689.0441259799
2024-02-03,314795.4879855685,144213.4473080189,141781.81789183567,131689.0441259799
2024-02-04,311803.1618652392,144213.4473080189,141781.81789183567,131689.0441259799
2024-02-05,312352.95198639284,144213.4473080189,141781.81789183567,131689.0441259799
2024-02-06,315472.2143546505,144213.4473080189,141781.81789183567,131689.0441259799
2024-02-07,324504.4520286167,144213.4473080189,141781.81789183567,131689.0441259799
2024-02-08,331704.63754202455,144994.2120476183,142545.90770473902,132385.70071155095
2024-02-09,345218.62859513564,146480.64022466697,144007.272737207,133743.03811282237
2024-02-10,349788.2191120426,146485.73674399854,144008.54972414524,133730.3529122604
2024-02-11,353615.06954643386,146485.73674399854,144008.54972414524,133730.3529122604
2024-02-12,365801.34977736464,151476.03198556008,148900.19764119963,138219.91357545753
2024-02-13,364221.3681785442,150828.0666113649,148263.18986226217,137628.37039799796
2024-02-14,379482.577477983,150801.05241410257,148221.95068669645,137535.53880111602
2024-02-15,380301.6280403258,151094.2118139141,148495.419446002,137734.81650715883
2024-02-16,381924.5700367101,151732.69685072778,149122.98467930628,138317.13594159804
2024-02-17,378283.9480633963,151736.93901453726,149112.3854728038,138252.48480948465
2024-02-18,381648.84551439603,151736.93901453726,149112.3854728038,138252.48480948465
2024-02-19,379134.4037632393,151736.93901453726,149112.3854728038,138252.48480948465
2024-02-20,382837.4355817491,151736.93901453726,149112.3854728038,138252.48480948465
2024-02-21,379573.98988185386,151736.93901453726,149112.3854728038,138252.48480948465
2024-02-22,375662.44854387635,151736.93901453726,149112.3854728038,138252.48480948465
2024-02-23,371466.6878513101,151736.93901453726,149112.3854728038,138252.48480948465
2024-02-24,377611.0829817119,151736.93901453726,149112.3854728038,138252.48480948465
2024-02-25,378798.2715447502,151736.93901453726,149112.3854728038,138252.48480948465
2024-02-26,399220.93521381845,151736.93901453726,149112.3854728038,138252.48480948465
2024-02-27,417987.36400849686,158806.77769875957,156045.17773131296,144625.61475397996
2024-02-28,457669.12814204214,173738.30308804102,170718.43649087037,158230.21558796868
2024-02-29,448103.4321625076,173722.85895742735,170686.33762642523,158137.69672517866
2024-03-01,457199.366777469,173722.85895742735,170686.33762642523,158137.69672517866
2024-03-02,454191.53830329166,173722.85895742735,170686.33762642523,158137.69672517866
2024-03-03,462520.64984322817,173722.85895742735,170686.33762642523,158137.69672517866
2024-03-04,500325.1990547282,173722.85895742735,170686.33762642523,158137.69672517866
2024-03-05,467161.63127379655,162296.17707228984,159442.4834163888,147657.84399414543
2024-03-06,484043.60880782537,168099.3178166126,165144.190412944,152940.36879592828
2024-03-07,490038.1001808155,168081.5417130848,165110.3787122997,152848.46469610158
2024-03-08,500103.1893304335,168081.5417130848,165110.3787122997,152848.46469610158
2024-03-09,501558.7516686661,168081.5417130848,165110.3787122997,152848.46469610158
2024-03-10,505372.9027578387,168081.5417130848,165110.3787122997,152848.46469610158
2024-03-11,528101.698873498,168081.5417130848,165110.3787122997,152848.46469610158
2024-03-12,523396.3626529705,166596.11513005864,163634.8636839084,151421.9997026662
2024-03-13,535127.9834433717,170292.65733834094,167266.06243253328,154783.5276578581
2024-03-14,522776.2112947948,170283.14034138861,167240.15119489815,154698.21087426797
2024-03-15,508184.49202583375,170283.14034138861,167240.15119489815,154698.21087426797
2024-03-16,478246.75814533216,170283.14034138861,167240.15119489815,154698.21087426797
2024-03-17,500766.072269142,170283.14034138861,167240.15119489815,154698.21087426797
2024-03-18,494600.59736976254,170283.14034138861,167240.15119489815,154698.21087426797
2024-03-19,453334.3038989064,170283.14034138861,167240.15119489815,154698.21087426797
2024-03-20,497273.7523340231,170283.14034138861,167240.15119489815,154698.21087426797
2024-03-21,479537.45781275374,170283.14034138861,167240.15119489815,154698.21087426797
2024-03-22,466997.34064556286,170283.14034138861,167240.15119489815,154698.21087426797
2024-03-23,469072.7397185536,170283.14034138861,167240.15119489815,154698.21087426797
2024-03-24,492298.35481269786,170283.14034138861,167240.15119489815,154698.21087426797
2024-03-25,512248.56851707905,170283.14034138861,167240.15119489815,154698.21087426797
2024-03-26,512461.0823345887,170283.14034138861,167240.15119489815,154698.21087426797
2024-03-27,508562.09733118536,170283.14034138861,167240.15119489815,154698.21087426797
2024-03-28,518004.8041565758,170283.14034138861,167240.15119489815,154698.21087426797
2024-03-29,511765.42135619425,170283.14034138861,167240.15119489815,154698.21087426797
2024-03-30,509953.0188581701,170283.14034138861,167240.15119489815,154698.21087426797
2024-03-31,522315.3165901714,170283.14034138861,167240.15119489815,154698.21087426797
2024-04-01,510369.2370374973,170283.14034138861,167240.15119489815,154698.21087426797
2024-04-02,479212.22300536436,170283.14034138861,167240.15119489815,154698.21087426797
2024-04-03,483121.0757432281,170283.14034138861,167240.15119489815,154698.21087426797
2024-04-04,501631.6870972865,170283.14034138861,167240.15119489815,154698.21087426797
2024-04-05,496717.04049768276,170283.14034138861,167240.15119489815,154698.21087426797
2024-04-06,504467.302153533,170283.14034138861,167240.15119489815,154698.21087426797
2024-04-07,507882.6823619895,170283.14034138861,167240.15119489815,154698.21087426797
2024-04-08,524495.1992399271,170283.14034138861,167240.15119489815,154698.21087426797
2024-04-09,506245.89693523187,170283.14034138861,167240.15119489815,154698.21087426797
2024-04-10,516854.7125546828,170283.14034138861,167240.15119489815,154698.21087426797
2024-04-11,512993.9399954508,170283.14034138861,167240.15119489815,154698.21087426797
2024-04-12,492017.88233699126,170283.14034138861,167240.15119489815,154698.21087426797
2024-04-13,467310.07632263575,170283.14034138861,167240.15119489815,154698.21087426797
2024-04-14,481348.4874085921,170283.14034138861,167240.15119489815,154698.21087426797
2024-04-15,464415.9127085908,170283.14034138861,167240.15119489815,154698.21087426797
2024-04-16,467239.71508561366,170283.14034138861,167240.15119489815,154698.21087426797
2024-04-17,448676.81903997954,170283.14034138861,167240.15119489815,154698.21087426797
2024-04-18,465049.59287372243,170283.14034138861,167240.15119489815,154698.21087426797
2024-04-19,467471.8785656576,170283.14034138861,167240.15119489815,154698.21087426797
2024-04-20,475898.7235799454,170283.14034138861,167240.15119489815,154698.21087426797
2024-04-21,475402.30503126467,170283.14034138861,167240.15119489815,154698.21087426797
2024-04-22,489395.1815280587,170283.14034138861,167240.15119489815,154698.21087426797
2024-04-23,486243.6845605637,170283.14034138861,167240.15119489815,154698.21087426797
2024-04-24,470644.76992554794,170283.14034138861,167240.15119489815,154698.21087426797
2024-04-25,472144.4081443704,170283.14034138861,167240.15119489815,154698.21087426797
2024-04-26,466825.69927020953,170283.14034138861,167240.15119489815,154698.21087426797
2024-04-27,464364.1428553348,170283.14034138861,167240.15119489815,154698.21087426797
2024-04-28,462124.2243370795,170283.14034138861,167240.15119489815,154698.21087426797
2024-04-29,467453.9450308556,170283.14034138861,167240.15119489815,154698.21087426797
2024-04-30,443991.847535208,170283.14034138861,167240.15119489815,154698.21087426797
2024-05-01,426544.3201070177,170283.14034138861,167240.15119489815,154698.21087426797
2024-05-02,432910.3531340389,170283.14034138861,167240.15119489815,154698.21087426797
2024-05-03,460488.49718909006,170283.14034138861,167240.15119489815,154698.21087426797
2024-05-04,467822.6264719997,170283.14034138861,167240.15119489815,154698.21087426797
2024-05-05,468845.23838551564,170283.14034138861,167240.15119489815,154698.21087426797
2024-05-06,462480.9500883556,170283.14034138861,167240.15119489815,154698.21087426797
2024-05-07,456424.5637084891,170283.14034138861,167240.15119489815,154698.21087426797
2024-05-08,448026.9786720361,170283.14034138861,167240.15119489815,154698.21087426797
2024-05-09,461660.95565575996,170283.14034138861,167240.15119489815,154698.21087426797
2024-05-10,445133.5301112129,170283.14034138861,167240.15119489815,154698.21087426797
2024-05-11,445140.366020013,170283.14034138861,167240.15119489815,154698.21087426797
2024-05-12,449934.0542166224,170283.14034138861,167240.15119489815,154698.21087426797
2024-05-13,460573.5313182228,170283.14034138861,167240.15119489815,154698.21087426797
2024-05-14,450698.4461106932,170283.14034138861,167240.15119489815,154698.21087426797
2024-05-15,485220.1859810527,170283.14034138861,167240.15119489815,154698.21087426797
2024-05-16,477635.10161943105,167676.8075766585,164663.84011610443,152253.85665873683
2024-05-17,490963.5506625576,172307.51776199703,169211.79871014462,156460.74748370599
2024-05-18,490150.2777302466,172343.98748029917,169230.86037533378,156416.38078494946
2024-05-19,485299.81430782884,172343.98748029917,169230.86037533378,156416.38078494946
2024-05-20,523154.0454171774,172343.98748029917,169230.86037533378,156416.38078494946
2024-05-21,513549.85097218276,169223.9495792202,166150.42847318124,153507.2685531969
2024-05-22,506123.7658449537,166802.0191324003,163772.2464473569,151309.16695102904
2024-05-23,497390.1057942693,166799.55647482094,163753.6200502298,151232.0273541469
2024-05-24,501758.0513026375,166799.55647482094,163753.6200502298,151232.0273541469
2024-05-25,507175.2945107581,166799.55647482094,163753.6200502298,151232.0273541469
2024-05-26,501699.41693845246,166799.55647482094,163753.6200502298,151232.0273541469
2024-05-27,508116.9910016987,166799.55647482094,163753.6200502298,151232.0273541469
2024-05-28,500074.81601859373,166799.55647482094,163753.6200502298,151232.0273541469
2024-05-29,494816.6006469944,166799.55647482094,163753.6200502298,151232.0273541469
2024-05-30,500578.38509949215,166799.55647482094,163753.6200502298,151232.0273541469
2024-05-31,494181.9194073524,166799.55647482094,163753.6200502298,151232.0273541469
2024-06-01,495760.01326566737,166799.55647482094,163753.6200502298,151232.0273541469
2024-06-02,496087.05000717554,166799.55647482094,163753.6200502298,151232.0273541469
2024-06-03,503798.5843805347,166799.55647482094,163753.6200502298,151232.0273541469
2024-06-04,516707.4115909984,166799.55647482094,163753.6200502298,151232.0273541469
2024-06-05,520478.7166911227,166799.55647482094,163753.6200502298,151232.0273541469
2024-06-06,518094.21441142575,166799.55647482094,163753.6200502298,151232.0273541469
2024-06-07,507736.46827920224,166799.55647482094,163753.6200502298,151232.0273541469
2024-06-08,507466.92181672424,166799.55647482094,163753.6200502298,151232.0273541469
2024-06-09,509972.69712283317,166799.55647482094,163753.6200502298,151232.0273541469
2024-06-10,508979.0019616055,166799.55647482094,163753.6200502298,151232.0273541469
2024-06-11,493014.895345168,166799.55647482094,163753.6200502298,151232.0273541469
2024-06-12,499671.8692270625,166799.55647482094,163753.6200502298,151232.0273541469
2024-06-13,488800.0284305161,166799.55647482094,163753.6200502298,151232.0273541469
2024-06-14,483342.7994462342,166799.55647482094,163753.6200502298,151232.0273541469
2024-06-15,484660.09909350553,166799.55647482094,163753.6200502298,151232.0273541469
2024-06-16,487940.76327498094,166799.55647482094,163753.6200502298,151232.0273541469
2024-06-17,486851.59420758265,166799.55647482094,163753.6200502298,151232.0273541469
2024-06-18,476969.98771467054,166799.55647482094,163753.6200502298,151232.0273541469
2024-06-19,475648.7123714861,166799.55647482094,163753.6200502298,151232.0273541469
2024-06-20,474684.8206285418,166799.55647482094,163753.6200502298,151232.0273541469
2024-06-21,469321.66404611577,166799.55647482094,163753.6200502298,151232.0273541469
2024-06-22,470466.6930711986,166799.55647482094,163753.6200502298,151232.0273541469
2024-06-23,462618.9553601569,166799.55647482094,163753.6200502298,151232.0273541469
2024-06-24,441359.96544290794,166799.55647482094,163753.6200502298,151232.0273541469
2024-06-25,452542.5397675062,166799.55647482094,163753.6200502298,151232.0273541469
2024-06-26,445268.9897935448,166799.55647482094,163753.6200502298,151232.0273541469
2024-06-27,451079.2834566074,166799.55647482094,163753.6200502298,151232.0273541469
2024-06-28,441672.7869263673,166799.55647482094,163753.6200502298,151232.0273541469
2024-06-29,445826.2164682048,166799.55647482094,163753.6200502298,151232.0273541469
2024-06-30,458939.5489000944,166799.55647482094,163753.6200502298,151232.0273541469
2024-07-01,460211.3139582036,166799.55647482094,163753.6200502298,151232.0273541469
2024-07-02,454185.4460498422,166799.55647482094,163753.6200502298,151232.0273541469
2024-07-03,440602.1806406062,166799.55647482094,163753.6200502298,151232.0273541469
2024-07-04,417199.0035304323,166799.55647482094,163753.6200502298,151232.0273541469
2024-07-05,414890.1252794696,166799.55647482094,163753.6200502298,151232.0273541469
2024-07-06,426906.96649897,166799.55647482094,163753.6200502298,151232.0273541469
2024-07-07,408935.27645709435,166799.55647482094,163753.6200502298,151232.0273541469
2024-07-08,415202.9467629291,166799.55647482094,163753.6200502298,151232.0273541469
2024-07-09,424751.96770133195,166799.55647482094,163753.6200502298,151232.0273541469
2024-07-10,422798.92853565037,166799.55647482094,163753.6200502298,151232.0273541469
2024-07-11,419887.7752570563,166799.55647482094,163753.6200502298,151232.0273541469
2024-07-12,423948.27648219274,166799.55647482094,163753.6200502298,151232.0273541469
2024-07-13,433704.94887619733,166799.55647482094,163753.6200502298,151232.0273541469
2024-07-14,445097.0337947739,166799.55647482094,163753.6200502298,151232.0273541469
2024-07-15,474988.66104353586,166799.55647482094,163753.6200502298,151232.0273541469
2024-07-16,476650.7593543441,167595.63400174232,164518.97017639558,151879.0454451972
2024-07-17,469487.0987595042,165105.1609591712,162073.9758072403,149621.01014067445
2024-07-18,468427.3898848428,165069.38375808368,162022.8316108726,149514.59548362222
2024-07-19,488461.4364289441,165069.38375808368,162022.8316108726,149514.59548362222
2024-07-20,491781.9719780653,165347.25524195493,162291.56459444866,149747.78026596492
2024-07-21,499037.302395936,165954.0874826416,162887.1970231304,150297.429600851
2024-07-22,494868.9997470857,165953.1401445593,162882.17037374646,150277.66892676603
2024-07-23,482731.9723820704,165953.1401445593,162882.17037374646,150277.66892676603
2024-07-24,478664.2348183296,165953.1401445593,162882.17037374646,150277.66892676603
2024-07-25,481630.3899907422,165953.1401445593,162882.17037374646,150277.66892676603
2024-07-26,497261.9682569284,165953.1401445593,162882.17037374646,150277.66892676603
2024-07-27,496539.0780518489,165953.1401445593,162882.17037374646,150277.66892676603
2024-07-28,499779.3560273588,165953.1401445593,162882.17037374646,150277.66892676603
2024-07-29,489265.0990459545,165953.1401445593,162882.17037374646,150277.66892676603
2024-07-30,484733.43495193013,165953.1401445593,162882.17037374646,150277.66892676603
2024-07-31,473151.5177040385,165953.1401445593,162882.17037374646,150277.66892676603
2024-08-01,478557.0912435798,165953.1401445593,162882.17037374646,150277.66892676603
2024-08-02,449690.02085309714,165953.1401445593,162882.17037374646,150277.66892676603
2024-08-03,444308.4444996783,165953.1401445593,162882.17037374646,150277.66892676603
2024-08-04,425540.92882410286,165953.1401445593,162882.17037374646,150277.66892676603
2024-08-05,395333.27665344795,165953.1401445593,162882.17037374646,150277.66892676603
2024-08-06,410291.38919324335,165953.1401445593,162882.17037374646,150277.66892676603
2024-08-07,402919.0474661625,165953.1401445593,162882.17037374646,150277.66892676603
2024-08-08,451850.56846373604,165953.1401445593,162882.17037374646,150277.66892676603
2024-08-09,445773.0165085052,165953.1401445593,162882.17037374646,150277.66892676603
2024-08-10,446254.07571398246,165953.1401445593,162882.17037374646,150277.66892676603
2024-08-11,429952.57838538545,165953.1401445593,162882.17037374646,150277.66892676603
2024-08-12,434602.3692716461,165953.1401445593,162882.17037374646,150277.66892676603
2024-08-13,443792.03306291683,165953.1401445593,162882.17037374646,150277.66892676603
2024-08-14,430082.8038781341,165953.1401445593,162882.17037374646,150277.66892676603
2024-08-15,421463.38073015946,165953.1401445593,162882.17037374646,150277.66892676603
2024-08-16,431231.1793522948,165953.1401445593,162882.17037374646,150277.66892676603
2024-08-17,435513.66169959714,165953.1401445593,162882.17037374646,150277.66892676603
2024-08-18,428228.07022938115,165953.1401445593,162882.17037374646,150277.66892676603
2024-08-19,435619.689791321,165953.1401445593,162882.17037374646,150277.66892676603
2024-08-20,432100.22643590375,165953.1401445593,162882.17037374646,150277.66892676603
2024-08-21,447933.62132340187,165953.1401445593,162882.17037374646,150277.66892676603
2024-08-22,442125.12959445827,165953.1401445593,162882.17037374646,150277.66892676603
2024-08-23,469308.1638412888,165953.1401445593,162882.17037374646,150277.66892676603
2024-08-24,469927.88616753137,166145.69868570782,163055.03788219162,150377.64043476494
2024-08-25,471059.5293963027,166541.8600231599,163443.8682375929,150736.38147611762
2024-08-26,460421.31078837265,166564.11875317775,163449.5273727635,150681.86258499796
2024-08-27,435697.8880116537,166564.11875317775,163449.5273727635,150681.86258499796
2024-08-28,432208.828719226,166564.11875317775,163449.5273727635,150681.86258499796
2024-08-29,434848.8624182542,166564.11875317775,163449.5273727635,150681.86258499796
2024-08-30,432881.37917749287,166564.11875317775,163449.5273727635,150681.86258499796
2024-08-31,431786.14645877393,166564.11875317775,163449.5273727635,150681.86258499796
2024-09-01,419745.53687018197,166564.11875317775,163449.5273727635,150681.86258499796
2024-09-02,432830.1527646854,166564.11875317775,163449.5273727635,150681.86258499796
2024-09-03,420518.2805858832,166564.11875317775,163449.5273727635,150681.86258499796
2024-09-04,424476.014361987,166564.11875317775,163449.5273727635,150681.86258499796
2024-09-05,411215.23795576865,166564.11875317775,163449.5273727635,150681.86258499796
2024-09-06,395020.59818063286,166564.11875317775,163449.5273727635,150681.86258499796
2024-09-07,396418.64163770643,166564.11875317775,163449.5273727635,150681.86258499796
2024-09-08,401557.90075533214,166564.11875317775,163449.5273727635,150681.86258499796
2024-09-09,417505.30372850917,166564.11875317775,163449.5273727635,150681.86258499796
2024-09-10,422112.2200235925,166564.11875317775,163449.5273727635,150681.86258499796
2024-09-11,419875.0187075799,166564.11875317775,163449.5273727635,150681.86258499796
2024-09-12,425614.40769317176,166564.11875317775,163449.5273727635,150681.86258499796
2024-09-13,443511.846608499,166564.11875317775,163449.5273727635,150681.86258499796
2024-09-14,439366.19684571435,166564.11875317775,163449.5273727635,150681.86258499796
2024-09-15,433345.3057077765,166564.11875317775,163449.5273727635,150681.86258499796
2024-09-16,426093.9795879478,166564.11875317775,163449.5273727635,150681.86258499796
2024-09-17,441587.86720575,166564.11875317775,163449.5273727635,150681.86258499796
2024-09-18,451407.89331520343,166564.11875317775,163449.5273727635,150681.86258499796
2024-09-19,460859.15217712615,170012.69686469436,166817.4384466409,153727.02185750805
2024-09-20,462708.1367979759,170688.1275639257,167480.23923104038,154338.04874954882
2024-09-21,464186.2090116298,170665.02636080093,167440.98568532814,154240.7060501792
2024-09-22,466045.0899690689,170665.02636080093,167440.98568532814,154240.7060501792
2024-09-23,463709.9835659318,170665.02636080093,167440.98568532814,154240.7060501792
2024-09-24,470828.33838864043,170665.02636080093,167440.98568532814,154240.7060501792
2024-09-25,462343.2594399717,170665.02636080093,167440.98568532814,154240.7060501792
2024-09-26,477264.87566332804,170665.02636080093,167440.98568532814,154240.7060501792
2024-09-27,481728.7813140576,172246.23221122302,168975.74433785616,155593.39238054186
2024-09-28,482438.91496966063,172497.62936064845,169222.3923324446,155820.59577805817
2024-09-29,480591.21744461,172500.86953657144,169208.8146146598,155746.34581207234
2024-09-30,463707.7812020087,172500.86953657144,169208.8146146598,155746.34581207234
2024-10-01,445457.39201641653,172500.86953657144,169208.8146146598,155746.34581207234
2024-10-02,443962.04411692463,172500.86953657144,169208.8146146598,155746.34581207234
2024-10-03,444889.1535221413,172500.86953657144,169208.8146146598,155746.34581207234
2024-10-04,454467.06261070364,172500.86953657144,169208.8146146598,155746.34581207234
2024-10-05,454631.6106580971,172500.86953657144,169208.8146146598,155746.34581207234
2024-10-06,459969.4829586014,172500.86953657144,169208.8146146598,155746.34581207234
2024-10-07,455705.84941422485,172500.86953657144,169208.8146146598,155746.34581207234
2024-10-08,454939.2837583598,172500.86953657144,169208.8146146598,155746.34581207234
2024-10-09,443590.9314948266,172500.86953657144,169208.8146146598,155746.34581207234
2024-10-10,441338.62825477036,172500.86953657144,169208.8146146598,155746.34581207234
2024-10-11,457232.00180651044,172500.86953657144,169208.8146146598,155746.34581207234
2024-10-12,462708.4800235224,172500.86953657144,169208.8146146598,155746.34581207234
2024-10-13,460206.88062822865,172500.86953657144,169208.8146146598,155746.34581207234
2024-10-14,483599.3033379471,172500.86953657144,169208.8146146598,155746.34581207234
2024-10-15,490884.7231953898,172500.86953657144,169208.8146146598,155746.34581207234
2024-10-16,495070.1299173048,173953.50463970454,170616.97521215185,156980.7945625988
2024-10-17,493511.37109810655,173411.22176428806,170085.04141505528,156491.18209589372
2024-10-18,500972.2936183001,173460.3175789474,170116.35414730234,156457.98024712625
2024-10-19,500561.85306900484,173319.15416520718,169961.07051291823,156253.20656098463
2024-10-20,505240.47490116715,174922.91486571898,171533.9139569043,157699.76888431018
2024-10-21,493277.1768669128,174923.65999833768,171517.65964644737,157622.33411378766
2024-10-22,493229.98335427605,174923.65999833768,171517.65964644737,157622.33411378766
2024-10-23,486426.1661427591,174923.65999833768,171517.65964644737,157622.33411378766
2024-10-24,499085.1251554079,174923.65999833768,171517.65964644737,157622.33411378766
2024-10-25,487965.41831006756,174923.65999833768,171517.65964644737,157622.33411378766
2024-10-26,490691.3155999658,174923.65999833768,171517.65964644737,157622.33411378766
2024-10-27,497388.1608495061,174923.65999833768,171517.65964644737,157622.33411378766
2024-10-28,511874.73869273823,174923.65999833768,171517.65964644737,157622.33411378766
2024-10-29,532469.9876074126,181885.6519390629,178327.1113794082,163817.70467991414
2024-10-30,529680.5935914213,180941.96071182287,177401.79509728472,162967.35193791406
2024-10-31,514125.7834391243,180930.83273397817,177373.31397142372,162876.5924863814
2024-11-01,508760.71051406395,180930.83273397817,177373.31397142372,162876.5924863814
2024-11-02,507346.1064243742,180930.83273397817,177373.31397142372,162876.5924863814
2024-11-03,503332.42688419914,180930.83273397817,177373.31397142372,162876.5924863814
2024-11-04,496525.69225553743,180930.83273397817,177373.31397142372,162876.5924863814
2024-11-05,507860.77313127456,180930.83273397817,177373.31397142372,162876.5924863814
2024-11-06,553840.2970102266,180930.83273397817,177373.31397142372,162876.5924863814
2024-11-07,555786.3858585926,181564.94921859927,177977.4027633146,163366.81166765
2024-11-08,560477.0777891383,183082.0000609755,179464.62487636952,164732.4831129262
2024-11-09,562185.9977849082,183107.36472036035,179471.71793864772,164673.7152889391
2024-11-10,589243.6689008982,183107.36472036035,179471.71793864772,164673.7152889391
2024-11-11,649485.1295029315,201646.43504674663,197624.92286803067,181264.9233351666
2024-11-12,644025.2119185356,201233.39940803958,197205.39935083746,180826.0801378556
2024-11-13,663270.3831462527,201218.84548928327,197186.28094314676,180790.72499055247
2024-11-14,638860.2966913129,193907.92971992373,190002.36153019872,174132.5450771824
2024-11-15,666798.5129467179,202298.89486047922,198225.1659378398,181671.64345259912
2024-11-16,663082.2955467986,202295.28690731127,198202.00536201746,181578.4359666083
2024-11-17,657864.3519726496,202295.28690731127,198202.00536201746,181578.4359666083
2024-11-18,662966.3425163566,202295.28690731127,198202.00536201746,181578.4359666083
2024-11-19,676154.6125258877,202295.28690731127,198202.00536201746,181578.4359666083
2024-11-20,690767.4401659552,202295.28690731127,198202.00536201746,181578.4359666083
2024-11-21,721265.8901808391,211147.9192935795,206855.89090115787,189434.60272985758
2024-11-22,724875.2500272971,212194.37122342203,207881.1687224092,190373.8886007247
2024-11-23,715939.4301297542,212213.64308126524,207879.45787372984,190296.8588302524
2024-11-24,717671.4034413939,212213.64308126524,207879.45787372984,190296.8588302524
2024-11-25,681708.5167057527,212213.64308126524,207879.45787372984,190296.8588302524
2024-11-26,673529.8523636763,212213.64308126524,207879.45787372984,190296.8588302524
2024-11-27,702651.5675074954,212213.64308126524,207879.45787372984,190296.8588302524
2024-11-28,700381.2449262504,212213.64308126524,207879.45787372984,190296.8588302524
2024-11-29,713627.4056446158,212213.64308126524,207879.45787372984,190296.8588302524
2024-11-30,706213.9626583477,212213.64308126524,207879.45787372984,190296.8588302524
2024-12-01,712296.7202010329,212213.64308126524,207879.45787372984,190296.8588302524
2024-12-02,701939.6605199022,212213.64308126524,207879.45787372984,190296.8588302524
2024-12-03,702941.764707018,212213.64308126524,207879.45787372984,190296.8588302524
2024-12-04,723197.5063519966,212213.64308126524,207879.45787372984,190296.8588302524
2024-12-05,707272.1270180499,212213.64308126524,207879.45787372984,190296.8588302524
2024-12-06,731633.9330794561,212213.64308126524,207879.45787372984,190296.8588302524
2024-12-07,731653.1537100573,212213.64308126524,207879.45787372984,190296.8588302524
2024-12-08,741264.7847085582,212213.64308126524,207879.45787372984,190296.8588302524
2024-12-09,713416.4935463229,212213.64308126524,207879.45787372984,190296.8588302524
2024-12-10,707871.5132306655,212213.64308126524,207879.45787372984,190296.8588302524
2024-12-11,740803.6039826463,212213.64308126524,207879.45787372984,190296.8588302524
2024-12-12,732529.3513258839,212213.64308126524,207879.45787372984,190296.8588302524
2024-12-13,742899.3963735218,212213.64308126524,207879.45787372984,190296.8588302524
2024-12-14,742267.5753467669,212213.64308126524,207879.45787372984,190296.8588302524
2024-12-15,763690.1694411566,212213.64308126524,207879.45787372984,190296.8588302524
2024-12-16,776364.9740331997,215710.79516519542,211284.60615845883,193338.64328350153
2024-12-17,777176.874063325,215934.14922604887,211503.39850568946,193538.93001139638
2024-12-18,732518.6541296862,215947.6357637894,211495.6647689011,193455.15719809287
2024-12-19,713842.8940835281,215947.6357637894,211495.6647689011,193455.15719809287
2024-12-20,715783.0908933468,215947.6357637894,211495.6647689011,193455.15719809287
2024-12-21,711893.5445924709,215947.6357637894,211495.6647689011,193455.15719809287
2024-12-22,696372.1417266948,215947.6357637894,211495.6647689011,193455.15719809287
2024-12-23,693306.3939415542,215947.6357637894,211495.6647689011,193455.15719809287
2024-12-24,722520.665574399,215947.6357637894,211495.6647689011,193455.15719809287
2024-12-25,727083.1055590883,215947.6357637894,211495.6647689011,193455.15719809287
2024-12-26,701428.6548854974,215947.6357637894,211495.6647689011,193455.15719809287
2024-12-27,689488.7533926595,215947.6357637894,211495.6647689011,193455.15719809287
2024-12-28,696804.0910769008,215947.6357637894,211495.6647689011,193455.15719809287
2024-12-29,684841.8799235437,215947.6357637894,211495.6647689011,193455.15719809287
2024-12-30,678347.0229080885,215947.6357637894,211495.6647689011,193455.15719809287
2024-12-31,684102.1716666883,215947.6357637894,211495.6647689011,193455.15719809287
